text,scene
"But why here, my Lord? It seems so... inhospitable.",6
"How fastidious you've become, Wormtail. As recall, only recently you called the nearest gutterpipe home. Could it be that the task of nursing me has become wearisome for you?",6
"No, my Lord! only meant",6
have my reasons for coming here. Thirteen years of reasons.,6
Perhaps if we were to do it without the boy...,6
Ho. The boy is everything.,6
"Nagini has interesting news, Wormtail. According to her, there is an old Huggle standing Just outside this room.",6
"Where are your manners, Wormtail? Step aside so can give our guest a proper greeting...",6
"Having a bit of a lie-in, are we?",8
Hermione. When'd you get here?,8
Just now. You?,8
Last night.,8
Bloody hell!,8
"Oh, honestly. Cimon. Get yourself dressed or we'll miss the whole thing.",8
"Where is it exactly, where we're going?",9
"Dunno. Say, Dad. Where're we going?",9
Haven't the foggiest.,9
"Arthur! It's about time, son.",9
"Sorry, Amos. 'Frail we got a bit of a sleepy start. This is Amos Diggory, everyone. Works with me at the Ministry. And this strapping lad must be Cedric, am right?",9
Sir.,9
"Merlin's beard! You're Harry Potter, aren't you? Ced's talked about you, of course. About playing Quidditch against you last year. told him Ced, that'll be something to tell your grandchildren, that will: You beat Harry Potter!",9
"Harry fell off his broom, Dad. told you, it was an accident",9
"Yes, but you didn't fall off, did you? Best man won. I'm sure Harry'd say the same.",9
"Well, shall we? Don't want to be late.",9
"Hm? Oh, right. It's over there.",9
Can you tell me why we're all standing here pressing our fingers to this manky old boot?,9
"This isn't just any manky old boot, mate.",9
It's a Portkey,9
Portkey? What's a...,9
"That'll clear your sinuses, eh!",10
And thought hated Floo Powder.,10
Thanks.,10
"Well, here we are!",11
love magic.,12
Get your Quidditch World Cup programs! Only five Sickles!,13
"There's the Peruvian Minister for Tourism. And that man there's the African Head of Magical Games and Sports. And oh lord there's Ali Bashir. He's been trying to import flying carpets for years. keep telling him they'll never replace brooms, but he sees a niche market for a family vehicle...",13
"Blimey, Dad. How far up are we?",13
"Well, if it rains, you'll know first.",13
"Father and are in the Minister's box, by personal invitation of Cornelius Fudge himself.",13
"Now, now, Draco. There's no need to boast. Blood has its privileges. As I'm sure your schoolmates are well aware.",13
Mr. Potter.,13
It's the Irish! There's Troy!,14
And Mullet,14
And here comes Moran...,14
Here come the Bulgarians!,14
Who's that?,14
"That, sis, is the best Seeker in the world.",14
"He flies rather well, doesn't he?",14
You could say that.,14
What's his name?,14
Krum?,14
Krum.,14
"Good evening! As Minister for Magic, it gives me great pleasure to welcome each and every one of you to the final of the four hundred and twenty-second Quidditch World Cup! Let the match begin!",14
"Brilliant Krum, wasn't he? Did you see him put Lynch into the ground with the Wronski Feint? It was positively brutal.",15
"think you're in love, Ron.",15
"Quiet, you.",15
Sounds like the Irish have got their pride on.,15
It's not the Irish.,15
Get yourselves dressed. Now!,15
Who are those people? In the air?,16
Muggles.,16
And the ones on the ground?,16
Death Eaters.,16
"No. Get back to the Portkey, all of you. And stick together. Fred, George, you're responsible for Cinny. Cinny, you listen to your brothers. Ginny! Did you hear me!",16
MORSMORDRe!,17
Harry!,17
Harry!,17
"Thought we'd lost you, mate. And then...",17
What is that?,17
Don't you know...?,17
Duck!,17
STUPEFy!,17
Stop! That's my son! Ron Harry Hermione are you all right?,17
Which of you conjured it?,17
"Mr.Crouch, you can't possibly",17
Do not lie! You've been discovered at the scene of the crime!,17
Crime?,17
Barter. They're just kids...,17
What crime?,17
"That... it's the Dark Mark, Harry. It's.., his mark.",17
Voldemort?,17
Why does he always have to do that?,17
"Those people tonight in the masks they're his too, aren't they? His followers.",17
Death Eaters.,17
There was someone before. man.,17
"man? Who, Harry?",17
"Dunno. One minute he was there, then... not. never saw his face. Could've been anybody...",17
"Anything off the trolley, dears?",19
I'll have a pack of Droobles. And a Licorice wand and...,20
"On second thought, just the Droobles.",20
"S'alright, I'll get it",20
Just the Droobles.,20
One Pumpkin Pastie please.,20
"Something sweet for you, dear?",20
Huh? Oh. No. I'm not... hungry.,20
This is bad. Very bad...,20
"It's hurting again, isn't it? It was hurting that morning too. The day of the World Cup.",20
I'm fine.,20
Suit yourself. But at least tell him. You know he'd want you to.,20
"Harry rolls up the parchment, fixes it to Hedwig's leg and lets her fly free of his hands and through the open window.",21
"Mr. Filch, our beloved caretaker, has informed me that the list of objects forbidden within the castle now includes Screaming Yo-Too, Fanged Frisbees, Ever-Bashing Boomerangs and Chocolate Marshmallow Bunnies. I'm joking about that last one. The full list comprises some four hundred and thirty-seven items and may be viewed in Mr. Filch's office.",24
Mental. Always has been.,24
"Now. There is, apparently, a rather nasty rumor flying about the school that Quidditch will not be played this year. That rumor, I'm here to tell you... is absolutely true.",24
"There is an explanation. You see, Hogwarts will this year play host to a legendary event. An event that has not taken place in over one hundred years... The Triwizard Tournament.",24
You're joking!,24
"am not joking, Mr. Weasley. For those of you who do not know, the Triwizard Tournament was originally conceived some seven centuries ago as a way for the three largest European wizardry schools to engage in a series of magical contests while their respective student bodies experienced the benefits of cross-cultural social intercourse.",24
"In other words: One got to spend an entire year getting to know people who spoke a funny language. Unfortunately due to a distressing high death toll, the Tournament was canceled...",24
"...until now. Tomorrow, delegations from the Beaxbatons Academy of Magical Arts and the Durmstrang School of Wizardry will journey to Hogwarts. This year, our home will be their home. ask only that you endeavor to make it a happy one.",24
What's he doing here?,26
Please join me in welcoming the lovely ladies of the Beauxbatons Academy of Magic!,26
Blimey. That's one big woman.,26
"Madame Maxime. Welcome to Hogwarts, my dear.",26
"Ah, Dumbly-dorr. You are well, yes?",26
Blooming.,26
And now... our friends from the north! Please greet the proud sons of Durmatrang!,26
Dear old Hogwarts. It's so...,26
Perfectly imperfect?,26
Igor.,26
"Severus. Long time, no see. And Barry. almost didn't recognize you. You look so... tired. Sleeping well these days?",26
Omigod! It's him!,26
"Rogwarts, Hogwarts, foggy Warty Hogwerts... Teach us something please Whether we be old and bald Or young with scabby knees Our heads could do with filling With some interesting stuff For now they're bare and full of air. Dead flies and bits of fluff.",26
So we bid you truly welcome You are a funny lot But any guests of Hogwarts Can't be all rot!,26
"Ah, music. magic beyond all we do here.",26
"Brilliant, isn't he?",27
He's caring.,27
Why d'you suppose they've been put at the Slytherin table?,27
Birds of a feather. Durmstrang puts a lot of emphasis on the Dark Arts.,27
would like to say a few words before we bring in the casket.,27
Casket. Did he say casket?,27
"Eternal glory. That is what awaits the student who wins the Triwisard Tournament. But to do so, that student must survive three tasks. Three very dangerous tasks.",27
Wicked.,27
"You see, the Triwizard Tournament has an unfortunate history of killing off its participants. For this reason the Ministry has seen fit to impose a new rule. To explain, we have the Head of the Department of International Magical Cooperation, Mr. Bartemius Crouch",27
Bloody hell. That's Madeye Moody.,27
Alastor Moody? The Auror?,27
Auror?,27
Dark wizard catcher. Half the cells in Azkaban are filled thanks to him. Supposed to be Mad as hatter these days though. Sees Death Eaters in his dustbins.,27
"What's that he's drinking, d'you suppose?",27
don't think it's pumpkin Juice.,27
"Barty, as you were saying...",27
"After due consideration, the Ministry has concluded that, for their own safety, no student under the age of seventeen will be allowed to put forth their name for the Triwizard Tournament. This decision is final.",27
Brat?! That's rubbish!,27
SILENCe!,27
Thank you.,27
"The Goblet of Fire. Anybody wishing to submit themselves to the Tournament need only write their name upon a piece of parchment and drop it into the flames within the next twenty-four hours. Do not do so lightly. If chosen, there is no turning back. of this moment... the Triwizard Tournament has begun.",27
"see you all slogged down to Flourish Blotts like good little boys and girls and bought the textbook. Congratulations... it'll make a fine doorstop. I'm Alastor Moody, ex-Auror, Ministry malcontent and your new Defense Against the Dark Arts teacher. I'm here because Dumbledore asked me. End of story, goodbye, the end. Any questions?",29
"When it comes to the Dark Arts, believe in a practical approach. You may wonder what mean by that. I'll show you. But first, which of you can tell me...",29
...how many Unforgivable Curses there are?,29
"might've known. Go on, Granger.",29
"There are three, sir How did you know...",29
Your name? know a bit more than that. You're top of your class correct?,29
"Yes, sir...",29
Naturally inquisitive?,29
Yes...,29
Socially inept?,29
Well...,29
And... Muggle born.,29
I'm not about to walk into a room full of strangers without doing background. Constant vigilance!,29
The devil likes disguises. Never forget that.,29
"Again, Granger. How many Curses?",29
Three.,29
And they're so named...?,29
Because they're unforgivable. The use of any one of them...,29
"will earn you a one-way ticket to Azkaban, correct. Now, the Ministry says you're too young to see what these curses do. say different. You need to know what you're up against. You need to be prepared. You need to find another place to put your gum besides the underside of your desk, Mr. Finnegan.",29
Blimey. The old codger can see out of the back of his head...,29
and hear across classrooms. So. Which curse shall we see first? Weasley!,29
Y-yes? Give me a curse.,29
Well... my Dad once told me about one... The Imperius Curse.,29
expect your father would know that one. Gave the Ministry a fair bit of grief some years ago. Perhaps this will show you why: Imperio!,29
"Talented, isn't she? What should have her do next? Jump out a window? Drown herself?",29
Scores of witches and wizards claimed they only did You-Know¬Who's bidding while under the influence of the Imperius Curse. Here's the rub: how do you sort out the liars? Another!,29
"It's Longbottom, is it? Professor Sprout tells me you have an aptitude for Herbology.",29
There's... the Cruciatus Curse.,29
Yes. Particularly nasty.,29
Crucio!,29
Stop it! Can't you see it's bothering him! Stop it!,29
"Perhaps you could give us the last Unforgivable Curse, Miss Granger.",29
Avada Kedavrs!,29
The killing curse. There is no blocking it. Only one person is known to have survived it. And he's sitting in this room.,29
"Brilliant, isn't he? Completely demented, of course, and terrifying to be in the same room with, but he's really been there, y'know? He's looked evil in the eye.",30
think he's cruel. Did you see Neville? thought he was going to,30
Neville...?,30
"It's alright, sonny. You come with me. We'll have a cup of tea in my office.",30
People have gotten splinched in this Tournament! More than once!,32
Splinched?,32
Dunno. But it doesn't sound good.,32
Potter.,32
"Eternal glory. Be brilliant, wouldn't it, three years from now, when we're old enough, to be chosen?",32
Better you than me.,32
"Well, we've done it, lads.",32
Cooked it up just this morning.,32
It's not going to work...,32
"Yeah? And why's that, Granger?",32
Because a genius like Dumbledore couldn't possibly be fooled by a dodge as pathetically dim-witted as an Ageing Potion.,32
That's what makes it so brilliant. It's pathetically dim-witted.,32
"Go on, then.",32
"Ready, Fred.",32
"Ready, George.",32
Bottoms up!,32
"Did you hear! Not a single student from Beauxbatons submitted their name,",33
What!,33
They've gone home!?!,33
"Can't say I'm surprised, Those girls were just a tad high-strung, if you ask me.",33
"Oh, for crying out loud.",33
love it when they do this...,33
Do what?,33
You know... walk together.,33
"Thank you, ladies of Beauxbatons, for that enjoyable bit of theatre. Now... the moment has arrived.",33
The champion for Durmstrang is... Victor Krum.,33
No surprise there!,33
The champion for Beauxbatons is... Fleur Delacour.,33
"I'm telling you, they don't make them like that at Hogwarts.",33
"And lastly, the Hogwarts champion. Cedric Diggory!",33
Silly sit...,33
He's meant to be quite smart actually. And he's a Prefect.,33
Like that's a good thing...,33
Excellent! We now have our three champions. I'm sure can count upon all of you to give your full support to; each and every,33
Harry Potter.,33
"Co on, Harry.",33
Do zey want us back in ze Hall?,34
u... u...,34
"What is ze meaning of zis, Dumbly¬dorr!",34
"Harry, did you put your name into the Goblet of Fire?",34
"Ho, sir.",34
Did you ask an older student to put your name in?,34
"No, sir.",34
"Aix, but of course 'e is lying!",34
The hell he is. The Goblet of Fire is an exceptionally powerful magical object. Only an exceptionally powerful Confundus Charm could have hoodwinked it. Magic beyond the talents of any Fourth Year.,34
"You seem to have given this a fair bit of thought, Moody.",34
"It was once my job to think the way Dark wizards do, Karkaroff. Perhaps you remember...",34
Barty... leave this to you.,34
"The rules are absolute. The Goblet of Fire constitutes a binding magical contract. Mr. Potter has no choice. He is, as of tonight, a Triwizard Champion.",34
"This can't be ignored, Albus! First the Dark Mark! Now this!",36
"What do you suggest, Minerva?",36
Put an end to it! Don't let Potter compete.,36
You heard Barty. The rules are clear,36
"Oh, the devil with Barty and his rules. And since when do you accommodate the Ministry, Albus?",36
"must say, Headmaster, too find it difficult to believe this mere coincidence. However, if we're to truly discover the meaning of these events, we may have to simply for the time being let them unfold.",36
"Do nothing! Offer him as bait! Potter's a boy, not a piece of meat!",36
"agree. With Severus. However... I'd like you to keep an eye on Harry, Alastor.",36
can do that.,36
"But he mustn't know. expect he's feeling anxious enough as it is, thinking of what lies ahead. Then again... suppose we all are.",36
How'd you do it?,37
"Never mind. Doesn't matter. Might've let me know, though.",37
Let you know what?,37
You know bloody hell what.,37
"didn't ask for this to happen, Ron. Okay? You're being stupid.",37
That's me. Ron Weasley. Harry Potter's stupid friend.,37
didn't put my name in the Cup! don't want eternal glory! just want to be...,37
Look. don't know what happened tonight. And don't know why. It just... did. Okay?,37
Piss off.,37
Thank you.,38
"Well now, aren't we the charismatic quartet...",38
"Hel-la, everyone. I'm Rita Skeeter and write for the Daily Prophet but you all know that, don't you? It's you we don't know. What quirks lurk beneath the rosy cheeks? What mysteries do the muscles mask? Does courage lie beneath the curls? In short: What makes a champion tick. Me, myself and want to know. Not to mention my rabid readers. So. Who's feeling up to sharing? Hm? Shall we start with the youngest? Lovely.",38
Ah. This is nice and cozy.,39
It's a... broom cupboard.,39
You must feel right at home then. Don't mind if use a Quick-Quotes Quill?,39
"Tell me, Harry. Here you sit a mere boy of twelve...",39
Fourteen.,39
"about to compete against three students not only vastly more emotionally mature than yourself, but who have mastered spells you wouldn't attempt in your dizziest daydreams? Concerned?",39
dunno. haven't really sorted it all out...,39
"Ignore the quill, dear. Of course, you're no ordinary boy of twelve, are you?",39
Fourteen,39
"You're Harry Potter. Orphaned in childhood, conqueror of You-Know¬Who your story is legend. Do you think the trauma of your past is what made you so keen to enter such a dangerous Tournament?",39
But didn't enter,39
"Of course you didn't, dear. Everyone loves a rebel, Harry. Scratch that last.",39
"Speaking of your parents, were they alive today, how would they feel? Proud?",39
"Cr concerned that your behavior indicates, at best, a pathological need for attention or, at worst, a psychotic death wish?",39
Hey! My eyes aren't glistening with the ghosts of my past...,39
Dumbledore! How are you?,39
Very well... for a 'dusty old dingbat.,39
"was only quoting a high-ranking Ministry official who, regrettably, wished to remain anonymous.",39
"Don't they all. Come, Harry, Mr. Crouch is ready to give the instructions.",39
"Courage in the face of the unknown is essential for any wizard. If one cannot defeat the devil he imagines he surely cannot hope to defeat the devil itself. Therefore, you will be told nothing of what awaits you. You will, however, have two weapons upon which to rely: Your wand and your wits. On behalf of the Minister for Magic, wish each of you good luck.",40
"'On behalf of the Minister— remember when or Barty Crouch thought he would rule the world. Of course, that was before. Mad as a bloody Hatter these days...",40
"Harry. couldn't risk sending liedwig. Ever since the World Cup, the Ministry's been intercepting more and more owls and she's too easily recognized. We need to talk, Harry, face to face. Meet me in the Qryffindor Common Room at one o'clock this Saturday morning. Make sure you are alone... Sirius. By the way...",42
Ow!,42
The bird bites.,42
Ah!,43
Sirius. Wha How,43
"We're wizards, Harry, remember? We do this kind of thing.",43
So. Triwizard Champion. Congratulations.,43
Thanks.,43
"Didn't fox your way in, did you?",43
No!,43
Relax. It is the kind of thing your father would've done.,43
"I've been thinking about him. What he'd do in my place... don't know as much magic as the others, Sirius. I'm only fourth year. I'm",43
"...as courageous a young wizard as there's ever been according to Dumbledore and that's no small praise. Even so, any wizard must know his limitations.",43
Did my father?,43
No. Seen much of Karakaroff?,43
Not really... why?,43
"There's something you should know about him, Harry. He was a Death Eater.",43
Does anyone ever really stop being a Death Eater.,43
Whose answer do you want? The Ministry's or mine?,43
Do you think he,43
Dunno. But whoever did put your name in that Goblet didn't do it thinking you'll win. think they'll be quite contented if you simply die trying.,43
"I'm not ready for this, Sirius",43
"Then get ready. These things aren't happening by chance. You're the boy who lived. When you have a dream, it's not just a dream. When your scar hurts, it's not just a twinge. Your past is everyone's past. As is your future. Don't you see...",43
He's out there somewhere. Waiting. You have to get stronger because he's getting strorwer!,43
Someone's coming...,43
"Dumbledore can't always protect you anymore, Harry. Keep your friends close...",43
Go!,43
Who were you talking to?,43
Who says was talking to anyone?,43
heard voices...,43
Maybe you're imagining things. Wouldn't be the first time.,43
"Practicing for your neat interview, expect.",43
Amazing...,43
Amazing...,44
Neville! You're doing it again.,44
Oh. Right. Sorry...,44
Magical Water Plants of the Mediterranean?,44
"Moody gave it to me. You know, that day we had tea.",44
Ronald would like me to tell you that Seamus told him that Dean was told by Parvati that Hagrid's looking for you.,44
Is that right? Well What?,44
Parvati told Dean to tell Ronald... Don't ask me to repeat it. Hagrid's looking for you.,44
"Well, you can tell Ronald",44
I'm not an owl.,44
Amazing...,44
"Where exactly is it you're taking me, Hagrid? Wouldn' be nigh' if toll yeh tha', now would it, 'arry. High' find yeh sneakin' out here on yer own one nigh'.",45
Oh yeah. That could happen...,45
"Hagrid, are those what think",45
"But what are they doing here? Hagrid, those aren't mean, one of those isn't for... me?",45
That's the first task? Dragons!,45
"Thrillin', isn't it! Don't envy the champion who draws the Horntail, though. Back end's more dangerous than the front",45
"'Course, the front end's nothin' ter sneeze at.",45
That's Madame Maxime!,45
"Should seen 'er las' night. Long pink silks, hair fallin""roun'...",45
And there's Karkaroff!,45
"Yeah. Don' miss a trick, tha' one.",45
"Righ' big ball o' gas, ain't he? Thought Ron would faint jus' lookin' at 'im.",45
Ron! Ron was here?,45
Sure. His brother Charlie was part o' the team tha' brough' the dragons o'er from Romania. Din' Ron tell yeh?,45
No. He didn't.,45
Potter.,46
Could have a word?,46
All right.,46
Dragons. That's the first task. They've got one for each of us.,46
You're... serious. And Fleur and Krum? Do they,46
Why're you telling me?,46
"Wouldn't be right if didn't, would it? What would that make me?",46
"Right. By the way, about those badges, I've asked them not-to wear them, but, well...",46
Forget it.,46
"So says to her, would, but then what would do with the seventeen Mandrakes!",46
"You're a right foul git, you know that.",46
"You think so, do you?",46
know so.,46
Anything else?,46
Yeah. Stay away frome me.,46
Fine.,46
"Why so tense, Potter?",46
"My father and have a bet, Potter. You see, he thinks you won't last ten minutes in the Tournament, but disagree...",46
say you won't last five.,46
"You know what say, Malloy? say you can both... Eat dung.",46
What do you say to that?,46
Right.,46
Oh,46
I'll teach you to curse someone when their back's turned.,46
Stinking... cowardly... scummy...,46
Professor Moody! What are you doing!,46
Teaching,46
Teaching? Is that a student!,46
"Technically, it's a ferret.",46
"We never use Transfiguration as a punishment, Alastor! Surely Dumbledore told you?",46
Might've mentioned it...,46
My father will hear about this!,46
"Is that a threat? know things about your father that would curl even your greasy hair, boy! You. Come with me.",46
That's a Foe-Glass. Lets me keep an eye on my enemies. If can see the whites of their eyes they're standing behind me.,47
won't even bother telling you what's in there. You wouldn't believe me if did.,47
That was a very decent thing you did back there with Diggory. Hind telling me why you did it?,47
Sir?,47
He's your competition.,47
"Well, just thought -¬(stopping) Should we be talking about this, Professor? mean, isn't it sort of, well cheating?",47
Cheating's a tradition in the Triwizard Tournament. Always has been. Now tell me what you're going to do about your dragon?,47
"Well, suppose I'll... you know...",47
"see you've given it some real serious thought. Listen to me, Potter. Your pal Diggory? By your age he could transfigure a whistle into a watch and have it sing you the time. As for Miss Delacour don't be fooled by the little girl gowns. She's about as much fairy princess as am. As for Krum, his head may be filled with sawdust, but Karkaroff's isn't. They'll have a strategy. And you can damn well bet it'll play to Krum's strengths.",47
"Do need to write that last bit down for you? C'mon, Potter! What're your strengths! Besides being a helluva good guy?",47
dunno. can fly. I'm a fair flyer.,47
Better than fair the way hear it.,47
But I'm not allowed a broom...,47
"You're allowed a wand, aren't you?",47
"Your wand, your wits, your broom. That, in essence, is what Moody's saying you'll need. Correct?",48
Right... Dunno why he couldn't just come and tell me.,48
"Yes, you'll actually have to engage your brain. How inconsiderate of him.",48
Do you mind!,48
Krum? In the library?,48
He's always here. Which means they're always here. Dead annoying.,48
"Istill cry when think of Mum and Dad,' says Porter. 'Mostly at night, when I'm alone.",48
never said that...,48
"'Fortunately, the troubled young champion.—",48
has found comfort in the loving arms of classmate,48
never said that either,48
Ow!,48
"Oh, Harry. Are you all right? Accio!",48
That's it. Harry. That's it! Of course the incantation will have to be rather powerful and you'll have to leave a window open...,48
"Step up, mates! Who fancies a flutter on tonight's bloodbath?",50
Smart money's on Krum to survive!,50
One'll get you ten if Potter dies. Ow!,50
"We'd cut Harry in, of course...",50
How're you feeling? Okay?,51
"The key is to concentrate. After that, you just have to...",51
Battle a dragon.,51
"Right... Oh, Harry!",51
"Young love. How stirring. If things go unfortunately tonight, you two may even make the front page.",51
You.,51
"Oh don't even start, you silly girl. can tell you where it end.",51
You haff no business here. The tent is for champions. And... friends.,51
No matter. We got what we wanted.,51
"Good evening, Champions. You've waited. You've wondered. And now the moment is here. moment only you four can fully appreciate. Which begs the question; Why are you here in this moment, Miss Granger?",51
"Oh, Sorry. I'll. Just. Go.",51
Barty.,51
"Surely it's been excruciating for you all, speculating these many weeks as to just what it is that awaits you tonight. Within this bag lies the answer. Miss Delacour, if you",51
The Welsh Green. Mr. Krum...,51
The Chinese Fireball...,51
The Swedish Short-Snout. Which leaves...,51
The Horntail.,51
"These represent four very real dragons, each of which has been given a golden egg to protect. Your objective is simple: Collect the egg. This you must do, for each egg contains a clue, without which you cannot hope to survive the next task. Any questions?",51
"Very well. Good luck to you all. Mr. Diggory, at the sound of the cannon, you may pro",51
Accio Firebolt!,52
"Knew you wouldn't die, Harry. Lose an arm...",53
leg.,53
But pack it up altogether?,53
Never.,53
"C'mon, Harry. What d'you say?",53
"Harry, maybe you shouldn't...",53
Bring it here.,53
Shut it! Shut it,53
Bloody hell. What was that!,53
"Alright, everyone! Go back to your knitting. This is going to be uncomfortable enough without all you nosy sods listening in.",53
reckon you'd have to be barking mad to put your own name in the Goblet of Fire.,53
"Caught on, have you? Took you long enough.",53
"wasn't the only one who thought you'd done it, Harry. Everyone was saying it behind your back.",53
Brilliant. That makes me feel loads better.,53
At least warned you about the dragons!,53
Hagrid warned me about the dragons!,53
"No, did! Don't you remember? told Hermione to tell you that Seamus told me that Parvati had told Dean that Hagrid was looking for you. But Seamus never actually told me anything because it was really me all along. thought we'd be, y'know, alright again... once you figured that out.",53
How could possibly figure that out? It's completely mental.,53
"Tis, isn't it? Suppose was a bit distraught.",53
Boys.,53
"Hi, Harry.",54
don't believe it! She's done it again.,54
"'Miss Granger, a plain but ambitious girl, seems to be developing a taste for famous wizards. Her latest prey, sources report, is none other than Bulgarian bonbon Viktor Krum. No word yet on how Harry Potter is taking this latest emotional blow.'",54
You and Krum. That's rich.,54
just mean... know you. Krum's famous.,54
Who's more famous than Harry Potter? And he's your best friend.,54
"Yeah, well that's different, isn't it?",54
"Parcel for you, Mr. Weasley.",54
"Ah, thank you, Nigel.",54
"Not now, Nigel.",54
told him I'd get him Harry's autograph. Hey look. Hum's sent me something... Mum's sent me a dress.,54
Does match your eyes. Is there a bonnet?,54
"Nose out, Harry. Hey, Ginny. This must be for you.",54
I'm not wearing that. It's ghastly.,54
What're you on about?,54
They're not for Cluny. They're for you. Dress robes.,54
Dress robes! For what?,54
"The Yule Ball. Which, if you don't mind, I'd like to speak to you about, Potter.",54
"The Yule Ball, Professor?",54
It's traditional during the Triwizard Tournament for the host school to put on a Christmas ball. It is also traditional for the three Champions or in this case four to be the first to dance.,54
Dance? With a girl?,54
"leave that decision up to you, Potter. You may bring Neville Longbottom if you desire. But know this: the House of Godric Cryffindor has a reputation as long as it is illustrious. It demands and receives the respect of the entire wizard world. No house has produced more witches and wizards of consequence. You stand upon the shoulders of giants, Potter. Shame yourself and you shame all who came before you.",54
You have got to get a grip! Your in behavior barely rises to the level of the common toadstool!,55
"Now. To dance is to let the body... breathe. Inside every girl a secret swan slumbers, longing to burst free and take flight. Inside each boy a lordly lion, prepared to prance.",55
"Something may be about to burst out of Eloise Midgen, but don't think it's a swan.",55
Mr. Weasley.,55
Yes!,55
"Would you Join me, please. Ron glances about in a panic, then slumps forward man heading to the gallows.",55
"Now then, if you will, put your left hand on my waist...",55
Where?,55
waist.,55
"That's right, extend your arm... and, Mr. Filch, if you would...",55
And one and two...,55
"Never going to let him forget this, are you?",55
Never.,55
Everyone. Come together...,55
Why do they have to travel in packs? How're you supposed to get one on their own to ask them?,56
"Blarney, Harry. You slay dragons. If you can't get a date, who can?",56
think I'd take the dragon 'bout now...,56
"Me, get it from me Mum's side. How bou' you?",65
"Moi? I've big bones, that is all.",65
This is mad. At this rate we'll be the only ones in our year without dates. Well... us and Neville.,72
"Then again, he can take himself.",72
Nice. But it might interest you two to know Neville's got someone.,72
Now I'm really depressed.,72
Don't tell me you lot don't have dates yet? Better hurry up or all the good ones will be gone.,72
"Who're you going with, then?",72
Ummm... Oi! Angelina! Want to come to the ball with me?,72
"All right, then.",72
"Oi, Hermione! You're a girl. Come with one of us?",72
"Oh, come on. It's one thing for a bloke to show up alone. For a girl it's just sad.",72
"won't be going alone, because, believe it or not, someone asked me. And said yes.",72
She's lying. Right?,72
If you say so.,72
"Look. We've just got to grit our teeth and do it. Tonight, when we get back to the common room, we'll both have partners. Agreed?",72
"Beautiful, isn't it?",73
Yeah. Splendid.,73
"Well, watch yourself on the stairs. bit icy at the top.",73
Okay. Thanks. Cho!,73
Yes?,73
"just wondered if, maybe, you... ...wannagoballwime?",73
Sorry...I didn't catch that.,73
wondered if you'd like to...to... go to the Ball with me.,73
Oh. Harry. I'm sorry. But someone's already asked me and I've said I'll go. With him.,73
"Oh. Well, good. mean... Okay. No problem.",73
Harry?,73
really am. Sorry.,73
Made any progress?,74
Huh?,74
On the egg.,74
Oh. Yeah. Nearly there.,74
What happened to you?,74
He's just asked out Fleur Delacour.,74
What!,74
What'd she say?,74
"No, of course. She did say no",74
She said yes if?,74
don't know what got into me. There she was... walking by... you know how like it when they walk—. and couldn't help it... it just sort of... slipped out.,74
"Actually, he sort of screamed at her. It was a bit frightening.",74
So what'd you do then?,74
"What else? ran for it. I'm not cut out for this, Harry.",74
Well don't go asking Eloise Midgen. She's taken.,74
Don't worry. think I've got an idea...,74
Bloody hell...,75
What're those?,75
My dress robes.,75
"Well, those are all right! No lace! No dodgy little collar!",75
expect yours are more... traditional.,75
"Traditional! They're ancient! look like my Great Aunt Tessie! Smell like my Great Aunt Tessie. Murder me, Harry.",75
"Poor kid. Bet she's alone in her room, crying her eyes out.",76
Who?,76
"Hermione, of course. C'mon, Harry, why do you think she wouldn't tell us who she's coming with?",76
Because we'd take the mickey out of her?,76
No one asked her. Would've taken her myself if she wasn't so bloody proud.,76
"Hello, boys.",76
Don't you look... dashing.,76
There you are Potter. You and Hiss Patil will wait here and enter with the other champions. Weasley...,76
"you and Miss Patil may proceed inside, to the Great Hall.",76
C'mon then.,76
We have a cousin who dresses like that.,76
Omigod. She looks... beautiful.,76
Is that Hermione Granger? With Viktor Krum?,77
No. Absolutely not.,77
Take my waist.,77
Huh? Oh... right.,77
Go. Flow!,77
hrer—Ny-oh-nee!,77
Herm...own...ninny...?,77
Close enough.,77
"Ruddy pumpkinhead, isn't he?",77
"Well, don't think it was the books that had him going to the library.",77
Hay haff your arm?,77
Arm. Leg. I'm yours.,77
"Whew! Hot, isn't it? Viktor's gone to get drinks. Care to join us?",77
No we would not care to join you and... Viktor.,77
What's got your wand in a knot?,77
He's from Durmstrang! You're fraternizing with the enemy!,77
"The enemy? Who was it wanting his autograph? Besides, the whole point of the Tournament is international magical cooperation. To slake friends.",77
think he's got a bit more than friendship on his mind.,77
What are you suggesting?,77
"It's obvious, isn't it? It's Harry he's truly interested in.",77
Excuse me?,77
"He's using you. To get inside information. Maybe even Jinx Harry,",77
Are you going to ask me to dance or not?,77
No.,77
"told you before, Igor. see no reason to discuss it. Lumos!",78
"Ten points from Hufflepuff, Fawcett! And the same for Ravenclaw, Stebbins!",78
"It's a sign, Severus! You can't pretend this isn't happening!",78
"don't have to pretend, Igor. Can you say the same?",78
"That's what you think, is it!",78
That's what think!,79
"Well, you know the solution, don't you?",79
Go on!,79
Next time pluck up the courage and ask me yourself before someone else does!,79
"Well, that's... mean... that's completely off the point...",79
Where have you been?,79
"Never mind. Off to bed, both of you.",79
They get scary as they get older.,79
heard that!,79
"You must begin to make preparations, Wormtail. Nagini will need milking. The journey will not be easy...",82
"All right, Harry?",83
just got in.,83
Harry! You told me you'd riddled that egg out weeks ago! The task is two days from now!,84
Really! had no idea!,84
suppose Viktor's figured it out.,84
"wouldn't know. We don't talk about the Tournament. Actually, we don't really talk at all. Viktor's more of a Aysical being. mean, he's not particularly loquacious. Mostly he watches me study. Bit annoying actually.",84
"Harry. You are trying to riddle out the egg, aren't you?",84
What's that supposed to mean?,84
"just mean, these tasks -¬they're designed to test you, Harry, in the most brutal way... they're almost cruel and, well, I'm... scared for you, Harry. You got by the dragons mostly on nerve. I'm not sure that's going to be enough this time.",84
"Hey, Potter!",84
How are you?,84
Spectacular.,84
"Look, Potter... realize never really thanked you properly for tipping we off about those dragons.",84
Forget it. I'm sure you'd have done the same,84
Exactly. You know the Prefects' bathroom on the Fifth Floor? It's not a bad place for a bath.,84
must be out of my mind.,86
"I'd try putting it in the water, if were you.",86
Myrtle!,86
"Hel-lo, Barry. Long time... no see.",86
"was circling a blocked drain the other day and could swear saw a bit of Polyjuice Potion. Not being a bad boy again, are you, Harry?",86
Sworn off the stuff. Did you say try putting it in the water?,86
"Well, that's what he did. The other boy, the handsome one... Cedric.",86
"Well, go on. Open it.",86
can't make it out.,86
"Well, put your head in, silly!",86
Come seek us where our voices sound. We cannot sing above the ground. An hour long you'll have to look. To recover what we took...,86
Come seek us where our voices Sound. We cannot sing above the ground...,86
"Myrtle... there aren't merpeople in the Black Lake, are there?",86
Ooooh. Very good! It took Cedric ages to riddle it out. Almost all the bubbles were gone...,86
don't get it. 'An hour long you'll have to look.' For what? Mermaids? And how'm supposed to breathe underwater for a hour?,86
"Well, don't ask me! can't breathe! haven't been able to breathe for fifty years! Of all the horrible, savage things to say...",86
The egg was singing to you Harry. Mersong. I'm sure of it Now tell me again what you heard.,87
Come seek us where our voices sound...,87
That's the Black Lake. Obvious.,87
An hour long you'll have to look...,87
"Again. Obvious. Though, admittedly, potentially problematic.",87
"Potentially Froblewstic1 don't know about you, Hermione, but last time checked couldn't hold my breath for an hour!",87
had an uncle who could stick his head in a pickle Jar. Ears and all.,87
Right. Not helpful.,87
"Look, Harry. We can do this. The three of us can figure it out. We've just got to keep look",87
My father gave me something like this when was a child. Played music. Beautiful thing...,87
"Hate to break up the skull session, but Professor McGonagall's asked to see you in her office.",87
"Now, Professor?",87
"Straight away. Not you, Potter. Just Weasley and Granger.",87
"Perhaps you could help Potter put back his books, Longbottom.",87
"You know, if you really like plants, you'd be better off with Cawshawes Guide to lierbology. Or this one. tells you how Mandrakes were first bred.",87
"Thanks, Neville, but",87
"Or you like flying, don't you! Do you know there's a wizard in Nepal growing gravity-resistant trees? The implications for racing brooms are absolutely ama-zing",87
Neville! don't care about Mandrakes! don't care about gravity-resistant trees! don't care about plants period unless there's a Tibetan turnip that will allow me to breathe underwater for an hour! Okay!,87
Harry?,87
What?,87
don't know about a turnip. But you could always use Gillyweed.,87
"Step up, mates! Don't be shy.",89
Three lads...,89
One lady...,89
Four go down...,89
But do four come up?,89
"You're sure about this, Neville?",90
Absolutely.,90
"If eat this, I'll be able to breathe underwater?",90
"Well, there is some debate among Herbologists as to the effects of fresh water versus saltwater",90
"Your attention please! Welcome to the Second Task. Last night, unbeknownst to our Champions, something they value exceptionally was taken from them. That something now lies at the bottom of the Black Lake. Their mission this morning is to retrieve it. Champions, you may begin.",90
now.,90
What's happening to him?,90
He can't breathe...,90
Omigod. I've killed him. I've killed Harry Potter...,90
Incendio!,91
"An hour long you'll have to look. To recover what we took. Your time's half-gone, so tarry not. Lest what you seek stays here...",91
to rot.,91
Incendio!,91
Get out of the way!,91
No! She's my friend tool,91
Incendio!,91
"Gabrielle! Are you 'urt, bay-bee?",92
You saved 'er. Even though she was not yours to save.,92
"It was nothing, really...",92
And you. You 'elped.,92
"Well, yeah... a bit.",92
Merci...,92
You're alive! You're alive!,92
How come you didn't ask her to the Ball? Personally think you behaved admirably.,92
"finished last, Hermione.",92
Next to last. Fleur never got past 'ze arinOlows.,92
"Your attention, please! Your winner is Mr. Diggory, who showed innate command of the Bubble-Head Charm. However, seeing as Hr. Potter would have finished first if not for his determination to rescue not only Hr. Teasley but the others as well, we have agreed to award him second place. For outstanding moral fiber!",92
"Moral fiber. Blimey, Harry. Even when you go wrong it turns out right.",92
"Congratulations, Potter.",93
Mr. Crouch...,93
"I'm sorry we haven't spoken. After all, your story is one heard so many times. Quite remarkable, really. Tragic, of course... to lose one's family... never whole again, are we... Still, life goes on... and here we stand... I'm sure your parents would be very proud of you today, Potter. Any parent would. Very proud indeed...",93
"Bartemlous! Not trying to lure Potter into one of the Ministry's summer internships, are you? Last boy who went into the Department of Mysteries never came out.",93
And they say I'm mad.,93
"You were a damn fool today, Potter! If you want to play hero, can find you plenty of playmates among the First Years! Otherwise, suggest you grow up and grow up fast! You've got worse than mermaids ahead of you!",93
"remember when firs' met yeh all. Bigges' bunch o' misfits e'er seen. suppose yeh reminded me o' me a bit. Now look at us all, four years on.",94
We're still a bunch of misfits.,94
"Sure. But we got each other, don' we? And we got Harry! Soon to be the youngest Trimizard Champion there's e'er been!",94
"It's hurting again, isn't it?",95
You know what you have to do.,95
"If you take the necessary measures, Cornelius, we may still be able to save the situation.",96
"Cancel the Triwizard Tournament! You can't be serious, Albus! It would be an international incident. And as Minister of Magic, must say, the last thing we need is",96
admit it would take courage. But courage is what is needed now.,96
"Excuse me, gentlemen, but it might interest you to know this conversation is no longer private.",96
Harry! How good to see you again!,96
"can come back, sir",96
"Not necessary, Harry. The Minister and are... done. I'll only be a moment. Oh. Peel free to indulge in a Licorice Snap in my absence. But warn you. They're quite fresh.",96
"Hello, Fawkes. How are you?",96
Son of a,96
Professor!,97
"Igor Karkaroff. You have been brought from Azkaban at your own request to present evidence to this council. Should your testimony prove consequential, the council may move to reduce your sentence or commute it entirely. Until such time, you remain in the eyes of the Ministry a convicted Death Eater. Do you accept these terms?",97
"do, sir.",97
What do you wish to present?,97
"have... names, sir.",97
Council will not compel the witness to testify against his will,97
Antonin Dolohov!,97
We have apprehended Dolohov.,97
Rosier. Evan Rosier,97
Rosier died two weeks ago.,97
And took a bit of me with him.,97
S-s-s... Severus Snape.,97
"As the council is fully aware, have given evidence on this matter. Severus Snape was indeed a Death Eater but prior to Lord Voldemort's downfall turned spy for us at great personal risk. Today, he is no more a Death Eater than am.",97
It's a lie! Severus Snape remains faithful to the Dark Lord!,97
Silence! Has the witness any other names?,97
Just one.,97
Council hopes it is a name not already familiar to it.,97
But I'm afraid it is. I'm afraid it's a name the council is intimately familiar with...,97
know for a fact this person took part in the capture and by means of the Cruciatus Curse torture of the Auror Frank Longbottom and his wife...,97
What's this worm playing at?,97
"The name, Mr Karkaroff.",97
Barty Crouch junior.,97
"Hello, Father.",97
You are no son of mine... have no son.,97
Come Harry. think it's time you returned to my office...,97
Come...,97
"Curiosity is not a sin, Harry. But we should exercise caution with it. It's a Pensieve a useful thing to have if, like me, you find your mind a wee bit cluttered.",98
"You mean, that stuff's your thoughts? That's... Wow. Sir, Mr. Crouch's son",98
"Had a talent for tragedy. Much like his father. You see, both felt fundamentally that they possessed the answers for the ills of this world. So they stopped asking questions. That is, believe, a mistake we would all do well to avoid.",98
suppose Mr. Karkaroff's testimony got him released.,98
"suppose you're right. Does he trouble you, Harry? Karkaroff.",98
bit.,98
He's a troubling man.,98
"Why do you want to cancel the Triwizard Tournament, sir?",98
"You're in danger, Harry. And, for the first time, I'm not sure where it's coming from. Initially, thought it best to let things play out. But with Mr. Crouch's death... Your scar is hurting, isn't it? That's why you've come to see me. And the dreams, they've returned. You are not Sirius' only correspondent.",98
They've returned.,98
"It may be, Harry, that these are not really dreams at all. The scar on your forehead is, after all, no ordinary mark. You and Voldemort are connected. By a curse that failed.",98
"You mean, what see is actually happening?",98
"think we talked enough for the time being, Harry.",98
"But need to Anow! What is it I'm seeing when dream? Is it Voldemort? And who put my name in the Cup? And why? And if you can't protect me, who can?",98
"I'm afraid there are no more easy answers, Harry.",98
"Sir. While was... There was mention of an Auror named Frank Longbottom. And his wife. Were they talking about Neville's parents, sir? Are they... dead?",98
They are... beyond help. It is for Neville to decide when he feels ready to share this part of his life with others. Understood?,98
Potter! What's your hurry?,99
"Congratulations. Your performance in the Black Lake was inspiring. Gillyweed, am correct?",99
"Yes, sir.",99
"Ingenious. rather rare herb, Gillyweed. Not something found in your everyday garden. Nor is this.",99
Know what it is?,99
"Bubble Juice, sir?",99
"Veritaserum. Three drops and You¬Know-Who himself would spill his darkest secrets. The use of it on a student is regrettably -¬forbidden. However, should you ever steal from my personal stores again, my hand might just slip... over your morning pumpkin Juice.",99
haven't stolen anything.,99
"Don't. Lie. To. Me. Gillyweed may be innocuous. But Boomslang skin, lacewing flies have an idea what you and your friends are brewing.",99
What d'you suppose it was? On Karkaroff's arm?,99
Durmo.,100
Boomslang skin and lacewing flies? You're sure those were the two ingredients Snape mentioned?,100
Positive. Why?,100
"Well, he thinks we're brewing Polyjuice Potion, doesn't he?",100
don't care what Snape thinks. I've got bigger problems than detention. Something's coming. Drawing closer. just don't know what it is...,100
"Earlier this evening, Professor Moody placed the Triwizard Cup within the maze. Only he knows where it resides. As the scoring is close, the first to touch the Cup will become the first Triwizard champion in over one hundred years.",103
"Champions, prepare yourselves. On three. One Two",103
Potter! Duck!,108
Stupefy!,108
"Thanks,",108
Go on. Take it.,108
No.,108
You saved me. Take it.,108
Together.,108
On three! One!,108
Two,108
Three!,108
It's a Portkey. The Cup is a,109
I've been here... in a dream. I've been here...,109
Cedric. Get back to the Cup. Now.,109
What are you talking,109
Now.,109
Harry! What is it! Harm!,109
Get back to the Cup!,109
I'm not leaving you!,109
Kill the spare.,109
Nooooo!,109
ZEDAVRa!,109
Do it. Now.,109
"Bone of the father, unknowingly given...",109
"Flesh of the servant, w-willingly sacrificed...",109
B-blood of the enemY...,109
Forcibly taken...,109
The Dark Lord shall rise again!,109
"My wand, Wormtail.",109
Hold out your arm.,109
"Oh, master, thank you, master",109
"The other arm, Wormtail.",109
"At last, the wind dies.",109
"Welcome, my friends! Thirteen years it's been.— yet here you stand before me as though it were only yesterday. Whole. Healthy. In full possession of your powers. confess myself... disappointed.",109
"For how is it that such a powerful band of wizards, wizards who had sworn me eternal loyalty, could never once, in all these years, come to the aid of their master?",109
"Forgive me, Master. Forgive all of us",109
"Give me thirteen years, then perhaps I'll forgive you, Avery. Nott. McNair. Crabbe. Goyle. Not one of you tried to find me...",109
"Not even you, Lucius.",109
"My Lord, was constantly on the alert. Had there been any sign, any whisper of your whereabouts",109
"There were signs, my slippery friend. And more than whispers.",109
"assure you, My Lord, have not renounced the old ways. The face present each day to the wizard world is my true mask.",109
"think it's safe to say you are a man of many masks, Lucius.",109
returned to you. returned...,109
"Out of fear. Not loyalty. Still, you have proven useful these past few months, Wormtail...",109
"Thank you, My Lord! Oh, thank you!",109
The lord giveth... and the lord taketh away.,109
It's a Huggle saying. I've always found it... amusing.,109
Such a handsome boy.,109
Don't touch him!,109
"Harry. I'd almost forgotten you were here. I'd introduce you, but word has it you're almost as famous as me these days.",109
"The boy who Jived_ How lies have fed your legend, Harry. Shall reveal what really happened that night thirteen years ago? Shall divulge what truly caused me to lose my powers?",109
"It was love. mother's love. You see, when dear sweet Lily Potter gave her life for her only son, she provided the ultimate protection: could not touch him.",109
It was old magic. Something should have foreseen. But no matter. Things have changed...,109
can touch you now.,109
"Astonishing what a few drops of blood will do, eh? Fate, Harry. That's what brought us together thirteen years ago. But fate has nothing to do with tonight. Tonight you're here because made it so. Give Mr. Potter his wand, Wormtail.",109
"You've been taught how to duel, presume?",109
"First, we bow to each other.",109
"Come now, Harry. The niceties must be observed. Dumbledore wouldn't want you to forget your manners. said... bow.",109
That's better. And now...,109
Crucio!,109
"Atta boy, Harry. Your parents would be proud. Especially your filthy Muggle mother",109
"I'm going to destroy you, Harry Potter. I'm going to destroy thirteen years of lies. After tonight, no one will ever again question my powers. After tonight, if they speak of you, they'll speak only of how you begged for death and being a merciful lord, obliged. Now... Get up!",109
Let's see what schoolboy spells you have up your sleeve...,109
"Don't you turn your back on me! want you to look at me when kill you, Harry Potter! want to see the light leave your eyes!",109
Have it your way...,109
Expelliazmus! Avada Kedavra!,109
Do nothing! Ares mine to finish!,109
"Harry... when the connection is broken, you must get to the Portkey. We can linger for a moment, to give you some time, but only a moment. Do you understand?",109
"Harry, take my body back, will you? Take my body back to my father...",109
"Let go, sweetheart. You're ready...",109
Stun him! Accio!,109
Harry! Harry!,110
He's back.,110
What's going on here! My God. Dumbledore... this boy... this boy is dead.,110
He asked me to bring him back... couldn't leave him... not there...,110
Yes...,110
"It's all right, Harry. He's home. Both of you are...",110
"The body has to be moved, Dumbledore! There are too many people",110
"Potter's hurt, Albus. Shall take himi to the hospital",110
No. My office. Take him to my,110
Let me through! Let me through!,110
"For god's sake, Albus! Amos Diggory's coming",110
"See to Amos, Minerva",110
That's my son! That's my...,110
boy.,110
"Come, Potter. This is not where you want to be right now...",110
Well. Here we are. You all right?,111
Good. Now tell me what happened.,111
Potter!,111
The Cup... the Cup was a Portkey...,111
"Yes, clearly someone bewitched it. But what happened? Tell me what happened.",111
"It was... wrong. From the start. Someone attacked Fleur. Krum suppose. But... he didn't seem himself somehow Krum. His eyes... when looked in his eyes, he wasn't there, not really. was as if he'd been cursed, as if someone were controlling him, using him like a puppet or something... like the Imperius Curse...",111
"Krum's not important, Patter.",111
It was like I'd fallen into one of my dreams. Into a nightmare... didn't say anything about a graveyard.,111
"Professor, it was you who put the Cup in the maze. So you'd would've known beforehand if it was bewitched? Wouldn't you?",111
It's you. It's been you from the beginning. From the moment you put my name in the Goblet of Fire.,111
Tell we what happened! need to know what happened!,111
"Constant vigilance, Professor...",111
Up.,111
"Severus, you wouldn't happen to have a little something to encourage cooperation?",111
Do you know where you are?,111
Hogwarts Castle.,111
Do you know who am?,111
Albus Dumbledore.,111
And you? Are you Alastor Moody?,111
No.,111
Is he nearby?,111
Is he in this chamber?,111
"Step aside, will you, Harry.",111
That's Moody. But if that's then,111
Polyjuice Potion.,111
"think we now know who's been stealing from your stores, Severus.",111
Harty Crouch. junior.,111
I'll show you mine if you show me yours.,111
"Harry. Would you lift your sleeve, please.",111
It's happened then! Lord Voldemort has returned!,111
"couldn't help it, sir.",111
"Call Madam Pomfrey, Minerva. The real Alastor Moody will need tending to. And send an owl to Azkaban. think they'll find they're missing a prisoner.",111
I'll be welcomed back like a hero.,111
"Perhaps. Personally, I've never had much use for heroes.",111
"My apologies, Harry, for putting you in unnecessary peril.",112
"It's all right, air. I'm used to it by now.",112
"Could have a word, Dumbledore",112
Certainly. Here's one: Goodbye.,112
"Was it him, sir? Did he murder his own father?",113
"I'm guessing Mr. Crouch discovered his son's secret and, yes, was murdered lest he reveal it.",113
"Sir, earlier, when was battling Voldemort, our wands, well, they sort of... connected.",113
Priori Incantatem.,113
"It's a phenomena that can only occur when two wands share the same core. Which, in this case, happens to be the feather of a phoenix. Fawkes, in fact.",113
My wand's feather comes from Fawkes?,113
"Yes. He's a particularly powerful creature. You see, when a wand meets its brother as yours did tonight, one will be forced to cast the shadows of its most recent spells. Which means...",113
"Harry... did your parents reappear tonight? No spell can reawaken the dead, trust you know that. There's something you should know, Harry. No matter how convincingly you tell the story of what happened tonight, few will believe that Voldemort has returned, because few will want to believe. But tell the story you must.",113
"But why, sir? If no one will believe me?",113
Because it's true.,113
"The end... of another year. Ordinarily this is day of celebration, a day in which we recognize the accomplishments of ourselves and others. But today...",115
"we acknowledge a terrible loss. Cedric Diggory was, as many of you know, exceptionally hard¬working, infinitely fair-minded and, most importantly, a fierce friend. think therefore you have the right to know exactly how he died. Cedric Diggory was murdered by Lord Voldemort. spread throughout the Hall. The Ministry of Magic does not wish me to tell you this. But to not do so is, to my mind, an insult to his memory.",115
"It was the hope, in restoring the Triwizard Tournament, that magical ties would be deepened between those of us who come from different backgrounds. In light of recent events, such ties will be more important than ever. Differences of habit and speech become meaningless when the language of our hearts is the same.",115
"With dark and difficult times comes a choice: between what is right and what is easy. Should you ever waver, remember a boy who was kind and brave and true. To the very end...",115
Harry!,117
"Everything's going to change now, isn't it?",117
Yes.,118
Just once... just once... I'd like to have a nice quiet school year. Is that too much to ask?,118
"Be a bit boring, wouldn't it? What's life without a few dragons?",118
"Normal. It's not easy being your friend, Harry.",118
Try being me.,118
"We'll have to leave here someday, you know. For good. Best enjoy it while we can. Dragons and all. Besides, we'll be all right, as long as we stay together...",118
That's right. Together.,118
Together.,118
