transcript,confidence,start,end
"Okay. So basically we're down to three choices for the last slot. We saw us here to see you and I'm glad that you're going to meet with our because when it comes to this girl, the intangibles are everything. She's been the heartbeat of this program for 12 years. She went to the Olympics and two World Championships with practices what we hours every day. Yeah. She makes everyone better Coach. I have the benefit of being Nuit",0.829393208026886,117.9,143.4
" Lisa is 31. She's point three seconds slower moving towards first, and I'm tired of having to justify myself because all of you were hung up on her as a role model. It's over. What's that? It's your call. Hooray. Thank you. Thank you. At least let her know today. She's gonna have to redirect your whole life. Everyone finds out when I posted online no exceptions just because we filled women athletes doesn't mean we have to get girly when someone's time is up.",0.8680037260055542,144.3,173.3
" Crap, I beg your pardon.",0.9066262245178223,174.0,176.4
 I'm sorry.,0.901242196559906,178.0,178.7
" Oh my Lord, what is to become of me? I've lost my ability to smile at bastards.",0.8610876798629761,180.3,184.5
 Still got it.,0.9128386378288269,189.4,190.2
" Listen, I can't see you right now. Okay, just tell me what to do.",0.8658733367919922,193.7,195.6
Yeah.,0.6728392839431763,225.2,225.7
 What are we worth it?,0.9005239605903625,226.9,228.0
" Hello. Hi, this is George Madison. I think you might know that Reva gave me your phone number. No, she thought it might be a good idea if we had dinner together. Well, I'll have to call her when you have a mind. No, I wasn't calling to set of time. She didn't know that I was seeing someone well as she didn't know that it had escalated at least on my part.",0.8657881617546082,232.0,258.8
 Just add it up on me suddenly and now you're calling me to break up just know I just didn't think George Madison. I'm sorry. I got distracted. What was I say you her saying you just didn't think right right. Thank you. Thank you. Thank you for holding. I just didn't think that it was right not to phone you once I took your number in case you had talked.,0.7928114533424377,260.9,290.6
" And we're expecting my call. Okay, well, it was nice of you to call it away, I guess right.",0.9119598269462585,290.7,297.2
 Sorry for interrupting your day. Yeah.,0.9128385186195374,299.3,301.9
 I am going to kill Reba. Let's go. All right.,0.862701416015625,303.0,307.5
 Oh my God.,0.9128386378288269,319.1,319.9
" You gave my number to a guy yeah, I hardly know him, but he went to business school with my brother. How can you give my number? Anyway, you don't remember Wednesday night.",0.9128383994102478,322.3,333.3
" You said you had never dated a non-athlete. I should date a non-athlete, right Riva. That's what don't listen to me. When I'm drinking Guinness. The only time you really saved up. I hope that's not true. This exercise is for next time. Okay. Thank you.",0.835077702999115,334.5,353.2
" George oh didn't I tell you I was crashing on my book tonight. Yeah, you did. I just I'm not going to stay maybe that's better for tonight. Look if you're concerned about us now that we've intensified. We're okay. I am busy, so I can't demonstrate you that we're okay and all the little ways, you know, like any attention to you. But if you could just take my word for it until the work lights up, that would really help me.",0.9128387570381165,357.7,386.5
 and us,0.9128385782241821,387.9,388.5
 I think I like that one better.,0.8284860253334045,390.8,392.2
 today I,0.805618405342102,397.1,397.8
 It was nice just to see your face for a minute sells me now.,0.7778841853141785,401.2,403.9
It is so great. You look so good. Just needed to grab you. We're here evening. Mr. Are you doing I might have to go back on what I said about finally seeing your place.,0.732978880405426,434.5,447.2
" It's a lot on my mind right now and I say sure. Well. No, there's no pressure to feel right. That's nice.",0.7008991837501526,448.3,459.2
Are you moving away? I want to give you room to think and decide.,0.7908710837364197,462.5,466.9
 You have all the signs the handful I hope so you better hang on to that energy.,0.8948886394500732,484.0,490.3
Wait till you try this blender wake you.,0.8763492107391357,505.9,508.6
 Worth it.,0.9128385782241821,509.7,510.3
" Female jocks are amazing. Thanks, but maybe could you personalize it a little knot right? Right, right. That's what I'm saying to you Lisa. It's like come on. I was I was unbelievable.",0.8120995759963989,522.3,537.1
 Are you fishing for a compliment or fishing for a celebration? Come on?,0.8658228516578674,539.7,544.3
 It was good. Yay.,0.9128385782241821,545.7,549.0
 It's good. It's great. It's great. There you go. Yeah.,0.9128385782241821,561.3,565.0
" I have to get going Choice the bathroom is right over there, but I am going to drink the rest of this because it was really sweet of you to make it. It's great.",0.69577956199646,568.5,580.7
"Do you know how many female athlete? Yeah, I do. Let me gotta count cheerleaders. But yeah.",0.7843568325042725,582.9,587.9
 Toothbrushes are in that drawer on the right there.,0.9128385186195374,594.4,596.8
 You don't have to wear that dress home. Come here. What size small or extra small? What is that?,0.9128386974334717,609.9,620.3
that,0.8875522017478943,623.5,624.0
" behind you that is repulsive the stack. Oh, no, no. No, it's me being classy. It's me being a good host. Now. Now I feel like I'm on an assembly line is spitting out just - that's like, although if you think about it, I never did tell you just said that we all are on kind of an assembly line just you know going through each other's lives and until one day you close the",0.9128384590148926,625.4,655.1
" Factory down and you take one product home and use it monogamously for the rest of your life my mistake Maddie, forget it little mistake. I'm just saying that okay, but by just giving you one and hit the rest then I'd be a great guy, but because I was open with you.",0.9128382802009583,655.2,671.5
What am I doing? I caught myself don't judge anybody else until you check yourself out that we are lucky that your fall because you can correct the situation.,0.8422355651855469,690.8,699.3
 I'm nervous or something that's going on with me and I ended up with an attractive guy who you have to be an idiot to mistake or anything more than just a fun friendship. And and yes amazing sex instead. I give that guy a hard time for just being who he is.,0.8187221884727478,702.6,719.5
"Totally my fault. I'm sorry, please forgive me.",0.9128385186195374,722.3,728.5
" Apologizing if you're really apologizing you may be my dream girl. I heard those footsteps. I'm like, okay, somebody nuts is coming back to be more nuts. And now an apology you may be my dream girl. Yeah.",0.9128383994102478,730.9,749.1
They said you'd be in here.,0.9128385186195374,795.1,796.2
 How bad is this?,0.9128385782241821,798.4,799.4
" The justice department is investigating whether the company committed Security fraud based on what why are they don't have to say they've subpoenaed almost everything relating to our business abroad you haven't mentioned this to your father have you because the worst thing is to say something before she told no. Yes, he's going to meet us my office right now.",0.8953166604042053,804.9,822.4
 Your concern is I don't have one.,0.9128385186195374,823.5,826.1
" Morning morning, Dad.",0.9128386378288269,834.6,836.0
 You need to company lawyer for whatever. This is what's going on?,0.7728638052940369,840.2,843.5
 Because to have today haven't read this yet. Yes. Once they are apparently investigating us for possible misstatement of receivables to inflate earnings stock fraud. What do you know about this nothing but I'm responsible. What are you being Noble? I'm telling you it all recent legislation says if it's true and I didn't know I should have can you ask your assistant to come in? We are going to have to respond immediately.,0.7581757307052612,849.8,875.6
Excuse me. Any could you please come on in and bring your laptop?,0.9128386378288269,879.6,882.9
 All these items mentioned you must have checked whether we had actual receipt of funds before we talked to the analyst know in most of them came from dad's office. So I assumed that with everybody working do not assume do not trust anyone not him. Not me cynicism is sanity good guidelines. I'm afraid I assumed that with everyone working creatively on the new line that I would wait until,0.7862826585769653,885.8,913.5
" The second dad now, let me finish please. No devil does not get to finish drivel gets interrupted. Is it possible for me to so shaping the corporate culture might not bring results on the income statement is clear. You are a fucking moron too rough much too rough. Don't use that language in front of Annie. Okay? Okay. I caught myself.",0.8811283111572266,915.7,938.0
 now we I get back to the,0.7511255145072937,939.2,940.5
 Sorry any the fucking sorry again any point?,0.831882894039154,942.3,950.9
" I've overlooked every limitation. I know you why because you are my son. You're a good guy as every prank with half a brain whoever took advantage of you knows absolutely but Ginge there is a bottom line here, which is because of your Notions of trust and creativity. We may be inevitably forced to crawl on by some assistant us attorney.",0.8363572359085083,952.9,980.9
" And if this almost made the law review creature pins be between a choice of saving you or the company that I founded and you preside over. I may be forced to choose the company even though it's doing so may break my life forever, which is finally my fault for handing you a job where you're pathetic assumptions our Notions of trust can cause such Calamity any oh my God.",0.8716945052146912,981.9,1007.2
 Excuse me. Oh my God.,0.9128385782241821,1008.9,1014.6
 Charles Eddie just what? Do you have an ETA down everything you need? Okay.,0.788756251335144,1018.3,1023.8
 Okay. All right.,0.7871296405792236,1026.4,1029.0
 You should go home now. Think about interviewing attorneys.,0.9048812389373779,1030.9,1033.7
 I don't know what the circumstances will allow the company to pay the company will pay.,0.8154418468475342,1034.8,1039.1
 The justice department. The individuals name is on here. All documents relating to loan applications all financial statements including but not limited to General Ledger's and income statements.,0.7377996444702148,1042.9,1055.0
 The term document includes but is not limited to all personal files telephone messages and long.,0.8992779850959778,1065.1,1072.1
Just a minute.,0.9128386378288269,1075.7,1076.4
" Hello, George. I have been through things like this and I'd like to give you some difficult advice if you would like to hear it, okay?",0.9128385186195374,1087.3,1098.5
 Except the enormity give up illusions of containment the hardest fact of all is that no matter what the outcome it is unlikely that you can ever again be the person you have been until now.,0.9091987609863281,1099.7,1113.6
" Okay, thanks. Look. Can I call you later? Any further contact between us being inappropriate?",0.8748359680175781,1117.0,1124.5
" Good luck, George.",0.9128386378288269,1125.5,1127.2
" Is Bryant there? Yes, it's George. Look, I realize I need to speak with him.",0.7842614054679871,1133.5,1138.8
 Yeah reach him as soon as you can. Thank you.,0.9128385782241821,1140.2,1143.8
" Hi, this is George. I've left you four messages all saying urgent and you know, I tend to underplay so I don't understand your failure to call back. Thank you. Well, tell me you must have some reaction. No. I have one just not proud of it. It's just me being on analytical. I was thinking about my work. Let me explain the thought.",0.9128382205963135,1147.0,1173.1
This is for us. I swear it.,0.9128385186195374,1181.8,1184.9
 We are not well matched for this interval in your life. Not with me against this deadline and and you being investigated now. I don't want our relationship to become cannon fodder for this Apparition in your working life.,0.8567312955856323,1188.8,1200.8
 I will be here for you at the end.,0.8076201677322388,1201.9,1203.5
 You can count on that.,0.9128385782241821,1204.9,1206.0
" You want to split up until I'm problem-free, please I would so appreciate you're breaking up. You're breaking up with me hitting the pause button so that we don't waste our precious energies on stuff.",0.7755382061004639,1208.3,1222.3
 State is taking a shower. I'll wash your bucket you sure - yeah.,0.8064090013504028,1299.8,1312.6
 Rub me down with some hot oils baby pins.,0.8502874970436096,1314.8,1319.5
 Hello.,0.9128385782241821,1327.8,1328.2
 Hello.,0.9128385782241821,1329.4,1329.9
" Hello, Hi boss Hi, how are you doing? It's not too late. I don't that's fine. Hold on colleges. Okay. Hey, thanks so much for calling. Oh, I can't sleep. I don't know what got into me this morning. I have never taken a swat at anybody. Well, I do know I'm pregnant you're pregnant you're pregnant.",0.755905032157898,1331.4,1360.3
 Secrets out. I had a hunch.,0.9128385186195374,1362.7,1368.2
" He lights up every time he sees you so good. Yeah, thank you know, he's great. He's just been out of work lately. So you've just been Marathon worrying's so I'm not myself lately. And so this morning when your father's oh, don't worry.",0.912838339805603,1381.5,1395.1
" So you tell Terry about what happened to you rather not get into that. She bailed you should go call another girl distract yourself, right Forward Motion. Hmm. We can't stop outside girls from talking to you. Oh my God, is that it was there directing people not to talk to me.",0.8695994019508362,1396.6,1418.9
" The lawyers had me sign this confidentiality statement where I'm liable financially if I put this new situation, I can't up. You know, what? How is everything what you want to know? So I lose my job wait, honey. I can't it's honey. I'm so sorry. My medical with Labs have got to take care of my baby. I'll still hasn't proposed. And if it does I don't you won't lose your job and he okay. All right. Don't tell me anything. Sorry boss.",0.7269606590270996,1424.0,1446.4
"Have a good night, honey.",0.7499068379402161,1451.8,1452.7
 extreme,0.8520215153694153,1457.2,1457.9
 just be nauseous for me morning. Is it for me? Not a problem?,0.9128386378288269,1459.5,1465.7
Hello. Hi Lisa. This is George George Madison.,0.9128385186195374,1489.6,1494.8
" I-i'm not sure how to further identify myself your voice sounds a little familiar. I made this incredibly stupid phone call to you a couple of days ago. All right, I do in George. Would you like to have dinner with me? But aren't you I am not you see you don't have to explain. I'm sort of seeing somebody but we can have a meal.",0.9128382205963135,1497.6,1523.2
" When anytime tomorrow's clear triple? Oh do I I'll meet you there is triple to in English, but it's got to be early like 6:00. Okay, I'm in training. Okay, so it's a it's a date. It made a date. Good night.",0.7351290583610535,1524.7,1542.6
"Georgie George, let's go inside. I have a date date son. We were in the rapidly evolving situation here. I must tell you I was afraid to use the telephone because we're doing undertook. I don't don't don't don't tell me I'm not ready to take on anything that I'm not I can't handle Joe. You know what? You know what I know exactly how I'm going to handle this situation. I'm going to treat myself like a company in trouble. What I think is you are just indulging",0.8530353903770447,1697.4,1725.5
" A lot of neurosis, you know you start taking on more than you ready for the game becomes about how much you can take on instead of how well you handle it and that applies right now stands still you do not have the luxury of not hearing this. Are you going to make me literally run from Bad News? He chickenshit board has teeth.",0.8128871917724609,1726.3,1742.4
" I gotta go. I have a blind date. What happened to you was horrific. Stop acting tough. Where's move ever? Hey everybody. I have to leave I have a date. Yeah, we should protest.",0.9128383994102478,1749.2,1766.8
" Okay, there is one thing just when I come to visit you at training camp when you're getting ready. Just don't feel funny talking to me. Okay, don't feel sad for me because my biggest fear is that you won't be yourselves around me and I've seen that happen. And if that happened to me would just make me feel like I didn't know you any more and I want to",0.8321858048439026,1772.3,1796.4
 I need to,0.8006126284599304,1798.2,1799.1
Say okay Lisa.,0.889336109161377,1801.8,1803.0
 I gotta go. I gotta go. He's waiting for me.,0.9128385782241821,1808.8,1812.5
 Love you. Love you.,0.9128385782241821,1814.1,1815.6
" Name, please. I'm eating Georgia Madison. I'm not sure I forget.",0.8891485333442688,1833.0,1838.7
Could that be him over there?,0.8282273411750793,1845.1,1846.4
 As a sort of day. I'm having.,0.7718983292579651,1851.4,1852.7
" You don't have to take me thank you, though.",0.9128385186195374,1854.8,1856.5
 George,0.778069257736206,1864.4,1865.0
 are you George? I'm Lisa.,0.9090127944946289,1867.0,1869.9
 Very good of you to join me. Yeah.,0.8999971151351929,1871.2,1873.0
 How you doing? How are you doing?,0.8274411559104919,1875.8,1879.1
" Great. Yeah, well treasure it.",0.9128385782241821,1881.5,1886.9
 You okay? I'm sorry. I'm not even aware that.,0.9071641564369202,1889.9,1893.3
 I have to apologize. This might not be the best first impression. I had a,0.8861264586448669,1894.9,1901.9
" unusual 24. Okay. Well the bad days make the good ones better, so don't worry about it.",0.7530783414840698,1903.5,1911.1
" This is an Italian restaurant. Yes, it is. It's very good one. Oh, yeah, it looks good. Let's get a drink. Excuse me. None for me. You know what? You're right. I shouldn't drink don't let me stop you. No, no believe me drinking too much two nights in a row to be a real mistake.",0.8425832390785217,1913.7,1931.5
 I haven't had anything since lunch yesterday. So I'm starving.,0.792635440826416,1934.3,1937.0
 Don't drink it all. I follow my father's rule on drinking which is never drink to feel better. Only drink to feel even better.,0.8474361896514893,1938.9,1946.2
" That's fantastic. Yep. It's good one. That's great. But you know, sometimes I think that with the one drink give you a little better perspective. Well, not for me, but I guess it depends on the person look if you want to have a drink you should just have a drink but it keeping talking about it, you know, just make it asking for permission to drink. I want a drink I'll order a drink Jesus.",0.7621167898178101,1947.6,1970.3
" You know, I don't know you I'm sorry. I'm not good today. You should just tell you what's going on. You know what I never talk about myself. I should just do it now. Don't do that.",0.9128383994102478,1971.2,1982.9
George this is what I'm suggesting that we eat and and and we don't work at this conversation. Let's just cut ourselves a break here and and give ourselves permission to be quiet for the whole dinner.,0.7147459387779236,1985.7,1999.7
 completely quiet,0.9128385782241821,2001.0,2002.1
 Can I talk to the waiter?,0.9128385186195374,2004.8,2006.0
 As long as you don't tell about your day.,0.758216142654419,2008.2,2009.6
I mean that,0.9128386378288269,2072.3,2074.2
 I was just what I needed.,0.8079557418823242,2077.3,2078.6
 You take care of yourself.,0.9128385782241821,2081.3,2082.3
" I'm just leaving my place to go to dinner. Good evening. Mr. Madison Taxi. Yes. Thank you, Chuck. Okay, Dad. I'm ready. What happened? What if I come by your place later? The phone isn't just tell me please. I'd rather use the rest of the night processing the information.",0.9128382802009583,2088.7,2105.7
 I'm sorry. This is private. There's still some privacy left.,0.9128385782241821,2108.7,2113.5
 Board is refusing to pay your legal bills now. Hey.,0.735343337059021,2116.7,2121.9
 I think I met a great girl.,0.7839332222938538,2124.6,2126.0
 Oh good. There is a God.,0.8851187229156494,2127.7,2130.8
 The girls needed to tell you how they felt.,0.9128385186195374,2148.4,2150.5
 It's something isn't it last time? I saw something like that was when a kid died in high school and they left this kind of stuff on the side of the road. How about some straight talk? Because I'm very sensitive to what you're going through.,0.8855481147766113,2151.7,2162.2
 You know what you need most right now.,0.9128385186195374,2163.5,2164.8
" Yes, what insensitivity?",0.9128386378288269,2166.0,2169.0
" Yeah, where is it? You narrow down a good Lisa.",0.9128385782241821,2172.6,2183.4
 Just working up the night.,0.8094388842582703,2193.0,2194.4
 Do you want me to be here?,0.9128385186195374,2196.5,2197.5
" Yes, I do. Then. This is what I need. I if in the middle of the night I start crying or shaking or acting enormously upset. I don't want you to ask you what's wrong what you just ignore it.",0.7873096466064453,2199.6,2213.3
 Is that okay with you?,0.9128385782241821,2214.3,2215.1
" Actually, that's my preference. Okay?",0.9128385782241821,2216.4,2218.6
 My games coming up.,0.758962094783783,2222.6,2223.8
Let's go.,0.9128385782241821,2248.4,2248.7
" Can you afford me well, the firm is refusing to pay my legal fees, but my father is willing Town who you can't take money from your father. Now with this position on the board. What would your retainer be 300,000 is a retainer and another three in escrow in the event. The government had store trying.",0.8311740756034851,2263.5,2282.6
 I suppose I can sell everything you can.,0.7782211303710938,2287.2,2289.7
 Sit down. I don't want to lie down. I said sit down. I don't think he did it. He never asked someone to lie down on the first visit.,0.8030600547790527,2297.5,2306.3
" Sorry, okay.",0.9128385782241821,2307.1,2308.2
 so,0.9128385782241821,2315.6,2316.2
 why are you here?,0.9128385782241821,2318.9,2319.7
 I have a month left on my insurance and they pay up to six visits I meant is there a difficulty?,0.9128386378288269,2321.5,2327.7
 well,0.6297832727432251,2330.1,2330.4
" Sorry, I'm getting this is stupid. Not that this is stupid. But I mean that and thank you for your time just for me, you know, I mean not this but but thank you for understanding you do can I ask you just one stupid question? No such thing because I'm leaving and I'm not gonna do this again. So I was just wondering if there's one General thing that you found over the years to be.",0.8112812042236328,2333.7,2362.8
 Generally true in general way help anyone.,0.9128385186195374,2363.1,2368.0
" With any situation, that's a great question. Yes, I'd say figure out what you want and learn how to ask for it.",0.9042869806289673,2369.6,2380.1
 So both really hard.,0.9058443307876587,2390.3,2391.9
" Yes, but you came here which was hard for you. And you're leaving right away all so hard. So you're tougher than you think you are right now.",0.790276050567627,2393.4,2403.9
Thanks.,0.5331236720085144,2405.9,2406.3
 Appreciate that. Good luck.,0.8637641668319702,2407.8,2410.0
 I can see why people do this. Thanks.,0.8939968943595886,2414.4,2416.6
"I thought some of them were bringing their wives and that usually changes the behavior considerably. Okay. Look you lives here have this maybe the best barbecue anywhere flown in specially from you. So I mean he bought an extra first class seat just saw his friend could fly it in point till you taste this try the sauce for his that's how you really judge and this place Nails it and you know, they can't",0.8734167814254761,2441.3,2463.0
 you could stay. I just I can't do this right now.,0.7974973320960999,2464.8,2467.4
" There's Christian athletes in the game room will eat with them ever wonder what's going on in my life because you never ask I wasn't supposed to it's not just at night. Is it you know, what? What do you think of mean is? I guess I should tell you what's going on.",0.7350898385047913,2470.9,2487.7
 I got.,0.9128385782241821,2494.3,2494.8
 I got cut.,0.8433122634887695,2499.9,2500.6
 Let's have some barbecue talk about it.,0.7339454889297485,2503.6,2506.0
 You don't want to eat anything. This is Kim.,0.9128385186195374,2514.4,2517.2
 I'll go with you.,0.9128385782241821,2525.7,2526.6
"I'm going to go to grad school at night. And of course I have to work a few jobs, but I've got the private coaching thing lined up and lined up this part time retail thing. So I got there. Yeah, that's good. I got that covered. It's not his problem with my attitude when it's like what I have to do is just get to the place where I appreciate what the game gave me and and and accept and even embrace the obvious the time comes for every athlete. Well, it's never going to come for me.",0.7707067728042603,2543.8,2572.0
"Okay, Maddie. You know what? Maybe we shouldn't talk. Maybe we should just watch some TV or something.",0.7915875315666199,2575.5,2579.8
 Everything you're saying here come sit over here sit you down right here and I'll make you something to eat a little food in her stomach both think better you like inspirational stories.,0.8072510957717896,2586.2,2598.7
" Okay, I got one for you. I know a really good player ones and the coach cuddle.",0.8544563055038452,2599.9,2605.3
 The guy just felt I felt impotent. You're probably feeling whatever the female version of that word is the same word.,0.7273049354553223,2606.6,2614.9
 Don't know what's going on with you make you give me on Hard Times that's not productive.,0.8490686416625977,2617.4,2621.1
 Not getting our time. It's the same word for women impotent.,0.8562726974487305,2622.5,2625.7
" Okay tie goes the pretty one. So it's the same word and he was feeling impotent just like you may be feeling I don't think that's how I'm you know, I think today what just finish my thought. Maybe it'll help me be alone, but I'm trying.",0.8227920532226562,2630.3,2644.0
" I'm sorry, that's alright. I'll go ahead. Okay, so is girlfriend had a can you start to save all the cat's shit little trust store to save all the cats shit and every few days or so, it takes a little melt and wrap it in a different package like a gift, you know, our magazine roll or something order online every few days for eight months. He would send these cap turns to the guy.",0.7460367679595947,2645.5,2675.1
 You got them.,0.8188391327857971,2675.3,2676.0
 Yep.,0.5896368622779846,2682.7,2683.0
" Yeah, that's it. It's a great story it did you understand. It was the coach that he was sending it to to the guy who caught him. He felt impotent and then he file it away. It worked for this guy.",0.9097621440887451,2685.4,2696.8
" No, no, so he stopped when his anger went. Well. Yeah. Well the cat died.",0.8277796506881714,2699.6,2705.5
" They are a smile. It's horrible. I was going to die. You feel better. Great. Ah, I hated seeing you touch bottom.",0.7825742959976196,2710.0,2722.3
 that was sweet.,0.9128386378288269,2728.7,2729.7
 It's okay.,0.9128385782241821,2738.2,2739.0
"At least your hands to bring on the lights the minute. We finish one. Just Clapping Your Hands in those dumb lights makes me feel like wait. Wait, let me guess. Let me guess. I think I can I think I can get it.",0.8342227935791016,2756.1,2777.3
 I'm not thinking about you.,0.7261127233505249,2778.5,2779.6
" Looking good at it. Yeah, let's go read your mind. What should I do? Turn them off you want to do it? I come on. It's fun grow up.",0.8925049901008606,2781.6,2798.0
 It was kind of fun laughing it.,0.8318871259689331,2805.8,2807.7
Let me ask you something. How do you know when you're in love?,0.9128386378288269,2833.9,2835.9
 It's ringing Brian get loose well.,0.7168421745300293,2838.6,2841.9
" What I got away whenever this one thing happens, I know I'm gone.",0.9128386378288269,2845.5,2850.4
" Tell you but it's personal don't want anyone making fun of me for it. No, no one's go.",0.837113618850708,2853.1,2857.6
" I think I'm in love with somebody when I wear a condom with the other girls, okay?",0.6068443059921265,2860.8,2864.5
" Holy shit, I'm in love.",0.9128385782241821,2868.1,2869.5
" Hello, you're a crazy idea. Yes, maybe be fun if you can kind of move in with me.",0.9128386974334717,2884.9,2891.7
 Hello be there early.,0.7739220857620239,2893.8,2895.9
 Are you serious? I know I told you it was crazy. Can you just give me a minute to form a thought take your time? Okay. Thanks. Okay. I'll call you back.,0.8105091452598572,2898.0,2909.5
" Now it was quick. I know I know but Lisa listen today, I caught myself. Look what did you do today? I caught myself wishing you were there in the bullpen with me literally having a Daydream. I mean, that's serious.",0.9083124399185181,2922.1,2936.8
What are you there? Hello. What are you doing? I think I'm thinking don't that's the thing about a great idea. You shouldn't have to think about it. I thought you said this was a crazy idea. I know I think it's both. I think the part of the greatness of this idea is probably how crazy it is. Tell me the first thing that popped into your mind.,0.7365235090255737,2940.1,2957.3
 I don't know what to say and it makes me feel stupid second thing. I never lived with anyone before great. No one's had a chance to ruin you.,0.9128384590148926,2958.2,2967.1
" Well, have you ever lived with anybody? Well, I didn't mean with me you get into you know, what is living together mean and you know duration Pride becomes a factor. But listen, is it do you think this is, you know something you want to do this?",0.7657737135887146,2969.7,2982.2
Hello. I honestly I don't know how to figure this out. Is there a tingling going on? Do you have Goosebumps? Maybe I need to work my voice little bit until you get there.,0.8763810992240906,2984.5,2994.7
" I just got them what I really like you Maddie, okay?",0.7675997018814087,2998.0,3007.4
" Good phone call, right? Yeah.",0.9128385782241821,3009.4,3013.8
"This is such a mistake. I'm just stepping alerts you sublet your apartment. I am doing the best thing you taught me don't do anything halfway. Unless you're willing to be happy. You don't make important life decisions when you are mush, it's too dangerous. You fight low self-esteem. You don't give it the wheel impact here. I'm doing this. So either back the hell off or do what you've always done for me, which is pull out some damn positives.",0.8351678848266602,3020.5,3045.3
"I'm sorry, honey.",0.8979516625404358,3051.0,3051.9
 Positives held the guy has a 94 mile an hour fastball and makes 14 million a year go get him.,0.8959338068962097,3054.0,3061.5
 Get your bag and some space.,0.6428027749061584,3064.0,3065.6
" Okay, I can get rid of both of these things right here. And then you know, what if I talk with the guys downstairs because they have storage space will.",0.85877925157547,3075.6,3082.0
 Make it work.,0.7887954711914062,3084.1,3084.8
 Bring me food. It's enough that you found this place. That was selfish you dress up my neighborhood. He loved your window. It's it's great. This is cooking relaxes me when I can't sleep. So why don't you just call her honestly because my first impression wasn't great. I'd rather be more myself when I see her next one.,0.8995213508605957,3107.8,3125.4
 You tour.,0.7870854735374451,3126.0,3126.7
 Optimism is sanity for me right now. Please sit down right make yourself comfortable right relax.,0.9128386974334717,3128.3,3135.8
 look,0.9128385782241821,3139.4,3139.9
 I've been such a funny position. I know stuff about what happened at work. I can't tell you what because of that thing that I sign but if you start guessing II can't help it if the space is an open book. Look at this stop. You could get a genuine trouble and just listening to be serious wrongdoing on my part telling me this information. It's like it's like I know someone's going to shoot you and I can't describe what that that's gonna play a game with me.,0.7829734086990356,3144.8,3173.9
 Very angry ocean storm and I'm honest little tiny boat and miraculously. This boat is still afloat. That boat is that I haven't done anything wrong like allowing you to tell me something you're legally constrained from revealing not doing anything wrong is what's keeping me afloat.,0.8796213865280151,3186.6,3204.4
 I lose that I'm gone.,0.7567979693412781,3205.9,3208.0
" Stop the terrible, but we have to get out. You have to respect me on this for what it's worth. It doesn't matter.",0.8164821267127991,3214.4,3220.4
 I think I guessed the same stuff. I think I know what you do.,0.7606534361839294,3223.0,3228.3
"No, you couldn't be functioning if you need the stuff I'm talking about. I think I could.",0.6895002126693726,3245.3,3252.1
" I think I am we're going to leave it there. But if I give you one little help, please.",0.8361425995826721,3254.3,3263.0
 Okay. Thank you.,0.9128386378288269,3271.0,3275.2
 It was on you looks amazing.,0.8304579257965088,3277.6,3279.0
" Hello, Dad. You coming to my place almost there? Good. I have some disturbing news.",0.9128386974334717,3286.7,3294.4
 What wait till you get here? Tell me please. It would be nice to get one piece of bad news without someone studying my face to see how I'm taking it anger can be useful. Watch out for the bitterness. What's the news dad?,0.9123036861419678,3295.5,3308.2
 There are strong indications that they are going to indict you. I've canceled everything I've got and I am dedicating myself completely to this.,0.8193123936653137,3311.9,3322.6
 George,0.775759756565094,3324.3,3325.2
George,0.8986527919769287,3353.3,3354.2
 how are you? Really?,0.8767380714416504,3360.1,3363.5
 Good to see you. Yeah.,0.9128385782241821,3366.4,3368.2
Do you live in this building?,0.9110023379325867,3381.7,3382.8
 Did you leave?,0.9128386378288269,3385.6,3386.4
" Are you still here? Yeah, absolutely. Yeah here I am. Sorry. I can't be more hospitable. I'm just in like a little bit of gonna go first, huh? I want to explain why I haven't called.",0.7592017650604248,3388.4,3400.9
" I don't understand. Oh, I took I just made a very bad assumption that we've been on the same wavelength. That didn't come out right at all. But I didn't mean I don't mean to say that either.",0.7083842158317566,3402.4,3415.8
" Do you ever just want to delete every sentence here saying even as you're saying them? No, no, you're funny. You don't I'm really glad I ran into you because I bit your head off when we had dinner and I just have this thing about rudeness. So I'm glad I got this opportunity to say, I'm sorry.",0.9128382205963135,3417.2,3433.2
 Yeah. Yeah. I'm in the kitchen.,0.8607943654060364,3434.7,3437.4
" Hi, babe, George. This is my boyfriend, Maddie.",0.6810192465782166,3438.6,3443.2
 Nice to meet you.,0.9128385782241821,3446.7,3447.2
"Who is he? Yeah, I think you ought to check with me before you invite some guy over some a little too pissed off to just say hello.",0.8817318081855774,3450.0,3458.7
 I do too.,0.5876781344413757,3461.7,3462.2
" Why would I have to check you want me to State the obvious so you can act as an obvious reason why I have to check with you before inviting someone up who offered to carry her groceries, you know about the groceries and maybe that changes things. I think it does good dog bite. No, I want to know this obvious thing that I'm missing. Let's forget it. Otherwise what you want me to put my foot in the Trap. Okay. I'll put his no trap but let's just show up here. What's this obvious thing that I'm missing? Okay that this is",0.7871335744857788,3472.5,3498.6
 my place,0.8249025940895081,3498.7,3499.7
 this is my place.,0.9128385782241821,3502.3,3503.7
 Wow.,0.9128385782241821,3508.4,3508.9
 So I'm naughty graduations get your sock drawer back Lisa. You can't do this. We have a guest.,0.9128386974334717,3511.0,3525.5
" Okay, look you can have people over without asking it's not like you're going to use their privilege. Are you right? There's also the safety issue which everyone's ignoring that I don't know if it's an interesting really.",0.8984982371330261,3526.7,3536.9
I think I screwed up from my perspective. Yeah.,0.763971745967865,3550.0,3553.6
" Thanks, Tom. I just have to figure out where I'm going.",0.7867942452430725,3571.7,3576.2
"Hey, I need to recharge my phone.",0.5291708111763,3584.9,3589.3
 an hour bus,0.7993559837341309,3592.0,3593.9
 Okay.,0.711504340171814,3597.7,3597.9
"Yes, you just came down. Okay, I'll try.",0.8091587424278259,3616.6,3620.2
" Sorry, sir. I just wasn't able to contact you or for you.",0.8650532364845276,3637.5,3640.4
"It's a new place. I haven't totally unpacked yet. Are you hungry lately? Always? Why are you asking you got nibbles? Oh, yes. I'm going to hear a list.",0.8452344536781311,3660.4,3671.5
 I'm sorry to say something. I was distracted. So was I you want to hear a list of what I've got?,0.8111187815666199,3678.1,3684.7
 I'm not going to be great. Are you kidding me? Even right. Now? This is the best conversation. I've had since the night. We didn't say a word to each other.,0.789109468460083,3686.4,3693.2
" Well, that's sort of funny. Hey, well, what can I do to help? Oh wow.",0.9128386974334717,3695.3,3704.8
 Make your own chicken pot pie your friend plates and silverware over here.,0.9128386378288269,3706.6,3711.5
 Hello.,0.9128385782241821,3724.4,3724.8
 It doesn't matter where I am.,0.9056408405303955,3726.4,3727.8
 You're going to yell at me. That's it. That's why you called. You know what I think.,0.9128386974334717,3729.9,3733.4
" Wait, you're going to lose me.",0.813925564289093,3734.7,3737.9
" Just as well. I wasn't gonna go well from there. Anyway, I think we both need some time to think.",0.9128386378288269,3742.6,3748.3
" Give me a Guinness will get gas. And you know, I make a great drink if you want to try it. It's not an idle remark. I really do. Okay. I'll try something. Just not too strong. What am I doing? Stay honest with yourself when you know, you're making a mistake and that way there might be a takeaway.",0.7364686131477356,3751.5,3770.0
 I'm going to get drunk because I'm too lame to stand how I feel great choice. Could you do me a favor? Absolutely. Thank you for the opportunity.,0.9128384590148926,3772.2,3781.0
 Could you not have a boyfriend so could we just,0.8632162809371948,3782.8,3786.2
" I have a teammate next to mate who says the only time I say anything is when I'm drinking Guinness, so watch out.",0.7685230374336243,3790.9,3797.9
" Well, I think he was saying a lot without drinking you are truly something.",0.7794604301452637,3801.9,3806.9
" Which means am I thinking about you incessantly isn't just an aspect of the trouble of it. I don't follow you. You're in some sort of trouble. Oh, no, but first things first, I'll be right back make yourself don't.",0.912838339805603,3808.1,3819.0
"Lisa if you're not back in an hour, forget it that's it. Okay. I'm removing the deadline any times good. I may have contributed to the misunderstanding if you could see my face should see how upset I am. I",0.912838339805603,3852.4,3868.4
Turn off the lights.,0.9128385782241821,3887.3,3888.8
 I wash your body you will.,0.8651645183563232,3911.3,3914.8
" Rub me down with some hot oils, baby.",0.9128385186195374,3917.6,3921.7
 All right. I hope I haven't built this up too much.,0.8528446555137634,3929.3,3932.0
" Okay, tell me what you think.",0.9128385186195374,3935.8,3938.0
 It's good right siliceous. Thank you. It's my own creation by used to be a bartender back when I was working my way through bartending.,0.8992944359779358,3944.2,3950.8
" Oh here, please people who make toasts.",0.9025060534477234,3955.0,3959.4
 I just touched your leg. I know it's all my father is what would rather I was more?,0.8673180937767029,3961.9,3969.7
" Dynamic you raised me since I was seven because we do hear this people go crazy over each. I'm serious be prepared to see me through new eyes. I become dangerously appealing. Yeah, you're gonna want to sit up to this one. Okay, here we go.",0.9027896523475647,3971.0,3991.7
" My mother left us after seeing Kramer vs Kramer at the movies one afternoon. Oh, do you know the picture? No, it's a movie about a woman who leaves Dustin Hoffman and her son because she had to find out who she was.",0.8188813924789429,3997.4,4012.4
 That's strange. She came back in the movie.,0.9128385186195374,4013.6,4017.7
" We just have to make those old sucking it up lessons work for me now, like like when we lost the n-c-double-a championship, I won run and and instead of having some self-pitying self-indulgent kleenex party. We did a little good, you know, there were these kids there and are you bored transfixed?",0.7504417896270752,4020.8,4038.8
 Cut it out. I don't understand what you're doing. These cannot be moves.,0.877780020236969,4039.9,4044.4
 Sorry for myself because go ahead notes that come on you were saying.,0.7866137623786926,4047.4,4051.4
" This is the most the girls I play with, you know, when they're done playing they their plan is meet a guy love have a baby.",0.780747652053833,4054.6,4061.9
" Go back to grad school and get a job. I mean I'm doing those things, but my problem I challenge is",0.674453616142273,4063.4,4070.5
" God shut up. No, no, no, no, no, no. No, I think you're saying exactly what you need to be saying just let it out just talk otherwise disease starts have don't you shut up, too. What the hell? Do you know except for looking at me like your Bambi if you ever seen that movie.",0.6991804838180542,4072.3,4085.4
 Wonderful film I own it.,0.8982798457145691,4088.4,4089.9
 I'm sorry. I'm sorry. You're glad you fed me all those drinks.,0.9128386378288269,4094.5,4101.0
 Your problem your challenge.,0.9128385782241821,4104.7,4107.1
 I don't know if I have what it takes.,0.8131833076477051,4114.2,4117.0
 for everybody's regular planet,0.8735594153404236,4118.5,4120.4
 I've never felt like that that love like like the guy is the whole deal like to be honest the baby thing. Never never.,0.8766800761222839,4124.8,4135.1
" I'm just good at this one thing, you know, and and when I hear girls talking about how love they are having babies everything.",0.8244595527648926,4137.8,4146.3
 I think they're pretending.,0.8328800797462463,4149.2,4150.5
What sort of trouble you and George simply put currently unemployed? My girlfriend recently broke up with me. I'll soon run out of money and I'm the target of a federal investigation.,0.8038890957832336,4175.7,4191.4
"Wow, you're real chick magnet, aren't you?",0.7637721300125122,4195.6,4197.5
" I'm sorry. Well, we'll see.",0.9128385782241821,4209.6,4212.5
" You know, what impressed me about you. Oh, I'm sorry. Did I interrupt you? No, no. No, please go ahead. Go ahead.",0.8215342164039612,4214.3,4223.2
 You sure haven't let anything take your spirit No not tonight.,0.9128385782241821,4226.0,4230.8
 Tonight you've done me a great turn. You've given me temporary Amnesia that Amir you have.,0.9128386974334717,4233.4,4240.1
 Believe you tell me all you just did and then you flirt with me.,0.8740363717079163,4241.8,4244.5
 anything,0.7658829092979431,4246.2,4246.7
 why is the government?,0.9128385782241821,4251.7,4253.0
 I don't know truly.,0.9128385782241821,4255.0,4256.8
 I'm,0.9128385782241821,4258.0,4258.4
 honest,0.9128385782241821,4260.4,4261.1
" Hey Maddie, first of all, I'm not going to ask you where you've been but I get points for that right now when you put it like that. Yeah, I I screw up. That's why I wrote something out that I want to I want to say to you that okay, this will be good. Is it bad that I wrote it out? I'm usual. It's not bad stuff. Ask me things like that. It's weird. Yeah. Yeah. Sorry. I went nuts when you left. I broke a lamp.",0.8442908525466919,4272.2,4298.9
" Okay, maybe the thing that was the thing.",0.6576905250549316,4300.2,4304.2
" Well, then I'm deeply touched you really broke a lamp. Yeah, I mean I just I just smashed it. I mean, it's just destroy you should see it. Okay. What else do I do here? Please come back. That's you know, that's giant for me to say I don't know that I'll do great but I know I can do better. Whoa. Whoa. This is breakthrough stuff for me here. Okay. Great. Okay.",0.912838339805603,4308.4,4337.9
 I see you soon.,0.7556983828544617,4338.2,4339.0
 I'll be it again.,0.7308169603347778,4348.8,4349.7
 Hey George.,0.9077618718147278,4359.7,4360.5
 Thanks for being such a great listener.,0.9128385186195374,4362.5,4364.0
 And no matter what I get to have friends.,0.8162891864776611,4367.1,4369.4
 I will take you up on that.,0.870591938495636,4379.5,4380.9
 Okay.,0.9128385782241821,4383.9,4384.2
Slim said he can be murder. So call me whenever.,0.6687207221984863,4406.2,4409.7
" Every thought I had about you and the millions the one that never occurred to me, so my mind wasn't exaggerating.",0.8679285645484924,4422.4,4429.7
 boyfriend,0.9128385782241821,4433.5,4434.4
 8:45,0.7257891297340393,4440.1,4441.0
 I'm not I'm not saying she's reaching out.,0.8119524717330933,4455.9,4457.9
" I'm not saying she was coming on, but she was definitely talking to me.",0.8747299313545227,4459.4,4462.4
 You have to see your father one of the few people willing to talk to you.,0.9128386974334717,4467.9,4475.7
Your son is here to see you. Mr. Madison.,0.9128385186195374,4487.7,4489.6
 finally,0.9128385782241821,4495.0,4495.9
 if you've been avoiding me.,0.9128385782241821,4498.3,4499.7
 Yes.,0.9128385782241821,4502.1,4502.8
 Absolutely. Why?,0.9128385782241821,4504.4,4506.5
Did you do it?,0.9128385782241821,4512.1,4512.8
 Did I?,0.9128385782241821,4515.6,4516.1
 My gosh you're not asking of what what I'm asking is did You fabricate earnings for the analysts and either knowingly or accidentally put me in this spot. Did you do that? And if you did are you still looking even at this moment for a way to handle it and me without telling me you committed a criminal act and that way just easy.,0.9128382205963135,4520.5,4547.8
 This ground we're stepping on here is wall-to-wall minefields.,0.9122616648674011,4549.4,4553.9
 What exactly did you do?,0.8502747416496277,4560.5,4562.4
 I did what everybody who does business in the Mideast us who is not Microsoft or selling something indispensable. You pay a toll in the Mideast no matter what the country is if you want to sell in Egypt you go there you read an office stop as shouting. I don't hear you when you do that ever.,0.8680270910263062,4564.7,4587.2
Go there.,0.9128385782241821,4605.9,4606.5
 Rent an office.,0.7274519801139832,4608.7,4609.8
 It's hard to talk to you.,0.8065762519836426,4612.6,4613.8
 You go there and you bribe an Egyptian.,0.8760925531387329,4616.4,4619.0
 That is what I did like everybody does I bribed and Egyptian we know pissing in the street is against the law. This is spitting in the street. This is,0.8134201169013977,4620.0,4635.7
 I didn't think that it would ever touch you.,0.8935677409172058,4639.7,4641.9
 And I wish that I could somehow Express out. What is happening to you is the most wrenching experience of my life and it's not just emotional. It's physical. It hurts in a profound deep way my muscles my skin like those side effects. I got from Lipitor. I am languishing in every way because what you going,0.8821264505386353,4643.9,4673.5
" Stop damn narcissist. No, you don't you can't cry you ethical mutant.",0.9083507061004639,4677.1,4685.1
" better pace yourself, son",0.9128385782241821,4688.0,4689.7
 gets worse,0.9128385782241821,4691.4,4692.4
" I'm going to miss you, babe. Echo that.",0.7632619142532349,4694.0,4697.0
" What are you going to do with yourself? Well, I'm going to be teaching these great kids. It's clinic and then I'm going to register for classes and the team is playing close by so I was thinking about stopping by but",0.8469454646110535,4698.9,4710.8
"We need to talk for a second. Okay, I will call you from the car.",0.895698606967926,4718.8,4722.0
" What's your feeling this way? Because of the road trip. We don't have time for this. How much time does it take to answer? Well, the answer is yes, of course, essentially what is essentially let's talk about essentially. Here we go.",0.912838339805603,4726.6,4741.5
" Look, I am nothing like the wild man. I used to be, you know, if it bothers you I can attempt to cut out even the anonymous sex because I think we're heading for the biggest result that can happen for a dating couple. I'm thrilled about that animus sex a guy's willing to go A Thousand Miles for you and you criticize him because he admittedly hasn't covered that last yard yet.",0.9007276892662048,4744.9,4769.5
"Damn it, you know he's trying I think your heart goes out.",0.8279833197593689,4774.2,4776.8
 Lisa Lisa,0.9128385782241821,4778.9,4780.9
" Lisa you have to get the team bus you never miss the team bus. Okay, we'll talk. Okay, I'm gonna catch some to be on time, but we'll talk. Okay, we'll talk. I'm moving up a we'll talk. Whoa. No no, no. No, you can't don't break up with me. He doesn't think Maddie is I don't know if what we have is even anything breakable. Of course it is and you're doing it.",0.9128383994102478,4783.5,4812.2
 Where you going to go?,0.6522695422172546,4813.5,4814.6
" I'm not quite at take my place. So they're trying to get out of the deal. Just don't miss the team bus. Okay? Okay. Okay. Okay. I'm just trying I'm going to be monogamous. I'm going to be monogamous but you too, right? I mean you're going to you can still move out but you're going to be monogamous to okay, give me a real. Yes. Yeah. Okay. I think it's going to be okay. I know it's going to be I know it's going to be okay.",0.8147549033164978,4815.8,4836.6
 Why do girls always look so pretty in a minute? They're not sure about you.,0.7593653202056885,4841.1,4844.2
 out of here,0.8265926837921143,4846.3,4847.0
" Okay, no not answering the phone monogamy.",0.8938602209091187,4848.8,4853.5
 Take my advice. I think you should get away from me. What got me off. I have just been trying to avoid an inevitable here. I work there with facts. Tell me.,0.8671115040779114,4860.8,4871.9
 How does he get worse?,0.7346908450126648,4873.9,4874.9
George I worked for a boiler stock operation when I was 19. There was a violation,0.8694077730178833,4883.2,4892.8
 I got one years probation.,0.8357566595077515,4894.5,4896.3
 and you're bringing this up now because,0.9128385186195374,4897.8,4900.3
" go because of that if they find me at all responsible for the current problems, I would be classified as a repeat offender. Your sentence would be 25 years to dead. That's why I didn't come forward.",0.81252521276474,4902.2,4924.7
I need you to go because my events some wrestling match with myself here. I can't trust myself not to manipulate you. I don't know if I'm doing it now.,0.7272951006889343,4936.8,4947.2
 I think I am.,0.8452563881874084,4950.3,4951.3
" Why is there something else has it occurred to you even as a possibility that you can simply say? What does situation is without trying to control the outcome? No, try.",0.9128383994102478,4952.2,4966.3
If you were to plead out the sentence would be three years with a chance of getting it down to less than 2.,0.8995791077613831,4975.3,4982.4
 You'd get off.,0.9128386378288269,4985.9,4988.5
 Maybe,0.523632287979126,4989.4,4990.0
 probably,0.9128385782241821,4991.9,4992.7
 everything,0.9128385782241821,5000.3,5000.8
 So it's either.,0.9110893607139587,5008.9,5009.6
 Hi.,0.9128385782241821,5017.4,5017.9
Hello. Hello. Hello. Hi. Hi. How you doing? Good.,0.7952224016189575,5087.0,5100.1
" You okay? Yeah. Are you home? Yeah, good. Okay, uh-huh. Yeah sure him. I just hope it's not too late to call. No. No, not at all. What what's going on? Oh good. Yeah, nothing. I just, you know, we made an independent plan to hang out. So I just thought I'd nail it down.",0.9128382802009583,5101.2,5129.3
 Schedule my week.,0.8381364941596985,5130.7,5131.9
" Well anytime so soon would be advisable. Guess it's too late for tonight. No, not at all. Okay, I'm just waiting for a call from my friend in case she has her baby tonight, but you know we can deal with that if it happens. Yeah. Yeah, we can we can do with that or what the heck let's just give it a shot so I could be there in",0.870124101638794,5133.5,5162.1
" Listen, 30 minutes good although you know this time of night. It could be sooner.",0.7458130121231079,5164.8,5169.8
" Great good, I hope so.",0.8651173710823059,5171.2,5173.6
" Okay, so I'll see you soon and we'll just hang out. I mean do you feel like hanging out or yes?",0.9128386378288269,5175.1,5186.3
" Okay, okay.",0.9128385782241821,5189.3,5191.1
" Okay, bye-bye.",0.8162772059440613,5192.7,5196.7
"I think I should go huh. Yeah, I was downstairs when I called you. I know you're going to say anything.",0.9128386378288269,5228.0,5239.4
 I didn't want to embarrass me some guys in a bathroom. Oh God.,0.807976484298706,5242.6,5247.9
 You look good. You look rested although everyone I know looks rested George help me out here. What is you're the one who said it. Did you ever wish that you could delete everything you said as soon as you finish saying it when you said I thought that was the strangest thing but lately all I do is hear myself being so weak and whiny and needy that I just wish I could delete everything.,0.8636553883552551,5255.4,5275.0
 I think the answer to what you're talking about is to stop talking Taniya voice to the thing. It's falling apart. Right? No lip service. That's my advice to you. Right which I think I got from you. Now. Sorry to handle you in the situation like this. It was just an impulsive going to let go now.,0.8637853860855103,5276.6,5291.7
 Please don't hit me.,0.9128385782241821,5292.9,5293.7
" Hey, yeah.",0.722102165222168,5310.3,5312.4
 How much?,0.9128385782241821,5314.2,5315.0
 How do you feel?,0.9128385782241821,5316.0,5316.7
" Yeah, sure now.",0.9128386378288269,5321.5,5323.1
 Can I bring a friend?,0.9128385782241821,5325.4,5326.3
 Alright. See you soon.,0.7343214750289917,5327.9,5329.2
 She had the baby.,0.862393856048584,5332.3,5333.1
 I'm going to head over there.,0.5956559777259827,5335.8,5336.6
 Want to come?,0.8718652725219727,5339.1,5339.6
 I don't want to be away. I just feel like,0.8899141550064087,5347.3,5350.2
 sure. Okay. Thanks.,0.8995242118835449,5352.1,5353.4
" Oh, this is Lisa and he's told us about you both.",0.7833003401756287,5368.3,5373.2
 George Madison good to see you George. Congratulations. Remember there are a lot of TV shows with single-mom heroines. I'm fine. It's fine. Everybody's healthy. That's it. That's good right times. I'm very happy. I know it's killing him.,0.9128383994102478,5376.6,5403.7
 So glad to meet you finally.,0.9128385186195374,5407.6,5409.9
" Ten pounds ten times three days early. Are you exhausted? I'm slap-happy world's luckiest, baby.",0.8390015363693237,5417.7,5431.9
 the great thing,0.7706485390663147,5437.0,5437.8
"Hello. Hi, you're here. You're just a few just a couple of Doors Down ask for double digits room. That's what we're all calling them for now. Okay, get ready to meet your daddy.",0.7853602170944214,5442.9,5467.3
 We'll grab some coffee when thing.,0.7349780201911926,5470.5,5471.9
Or you're sick.,0.7294179797172546,5485.9,5487.2
 It's good of you to come by. Mr. Madison where a girl boy. Maybe you'll meet somebody in the nursery. I just wanted to drop this off and,0.9122390151023865,5500.2,5515.5
 Tell you not to worry about you job in any way.,0.8665617108345032,5516.6,5520.3
" Oh my God, that's great to hear. Thank you.",0.9128385186195374,5521.5,5524.3
 You okay? Thought you might be here.,0.9128385186195374,5528.0,5532.0
 Do you?,0.9128385782241821,5533.4,5533.8
" Like to talk go over anything any new thoughts. No, not yet. You're thinking think so not at this precise moment.",0.8309592008590698,5535.6,5546.3
" I'm on a break. Okay, fine.",0.8815987706184387,5547.2,5551.6
" You relative of Annie's father? Okay. Well, let me tell you all there is to know about raising a kid do not beat yourself over the head with any Notions that someone else is doing it. Right? Well, actually my mom and pop they did it right you yours too, right Annie.",0.813673734664917,5562.0,5586.9
Mine too. Sorry.,0.661998987197876,5591.5,5593.7
" Okay, nice visit mi. Love you son. Good night awfully glad I came by and happy parenting awfully. Glad I came by.",0.9128385782241821,5597.9,5614.3
 Oh.,0.9128385782241821,5621.7,5622.2
 I'm going to do something. It was recorded that the red button.,0.8094088435173035,5630.2,5635.3
 I gotta say something to you to the two of you.,0.8765033483505249,5637.5,5640.4
 I don't want you to think that the reason that we're not married is because I think anything of anyone else because I'm 40 years old and I'm a failure any who kill you don't talk like that again. Any I know I'm here.,0.9009855389595032,5648.2,5661.9
 That I never talked marriage to you was because I couldn't stand to see you the princess of worry.,0.7649543285369873,5668.3,5675.1
 weighted down by me and my limited prospects,0.8808199167251587,5676.4,5679.0
" you because I get you oriented. And I know that a lot of people think that that's a bad thing about you, but I know that it's because you have a great big heart and I love you for it, and then they started to worry right about what would happen to you and",0.8577443361282349,5680.3,5696.8
 this little Hulk,0.6749600768089294,5698.6,5699.5
" If you if you guys wound up with you know, someone who who thought that you're worried was, you know, like a great guess somebody, you know who didn't get you wanted you to feel bad about yourself, you know. Wanted to make you be more normal person or as I wanted you to change or like yourself Morris, you know, didn't love all of it. We didn't want to leave great enough alone.",0.8508991599082947,5701.9,5727.2
 I thought I could do that for you. That could be a legitimate Tumblr.,0.9125007390975952,5729.0,5736.8
 Function for me your life. So that allows me to propose to you that we get married. I want to marry you.,0.8589109182357788,5738.3,5752.3
" Oh my God, I got so caught up in and get it. He didn't you didn't get it. Oh my God. I'm so sorry.",0.8439285755157471,5771.0,5783.2
" Again right away do it again. Like your name for babies. Ow. Ow, okay, you're going to record it knows when I said we just have to think here and then we're going to piece this thing together right away. You were sitting so of course, I'll sit down. Okay. Okay, you told her that you that you didn't want her to think that I don't want you to think that the reason we're not married is because I feel anything for anybody else. Yes. Yes, you said it was because you had no prospects. You used the word failure. I don't want to saddle you with a 40 year.",0.7267109155654907,5789.3,5819.0
" Failure and Anna you said I'll kill you if you don't make you I will kill you. If you do I'll kill you if you talk like that, right? And yeah, you said that you didn't want her to end up with with someone who wanted her to change but she couldn't change. Yes. Someone who didn't get me there was that whole list. He was worried about you. He was he was worried that you'd be with somebody who made you feel bad about yourself who wanted you to like yourself in a different way.",0.7896021008491516,5819.3,5845.0
 Who didn't love you the right way?,0.9128385186195374,5847.3,5848.6
 Protecting her from that appreciating her the way you do is a legitimate function for you in our life how I said that I feel like you're all proposing to then I asked you to marry me. No. No what you said was I propose to you that we get married.,0.7311496138572693,5850.1,5868.5
 I propose to you that we get married and then you called a little Hulk which for some reason is my face.,0.9128385782241821,5870.4,5878.5
 I love you so much.,0.9128385782241821,5886.7,5887.5
 I'm just gonna wait here for my bus. I'll wait with you. Thanks.,0.8533079624176025,5911.5,5918.8
 Don't you miss them already?,0.8664349317550659,5926.0,5927.3
 I'm okay.,0.9128385782241821,5929.5,5930.1
 Do you think what he said applies to so many?,0.7412248849868774,5932.7,5934.8
Take care you two.,0.7227452397346497,5944.8,5948.5
 YouTube,0.8955509066581726,5950.2,5950.9
 Can't catch a break.,0.9128385782241821,5954.9,5956.2
porch,0.6390379071235657,5978.6,5979.3
 what is wrong with you? You're shouting at all crazy?,0.9127480387687683,5982.5,5991.5
 Yo.,0.9128385782241821,5992.4,5992.9
 I was weird that you were off so fast for the next bus.,0.8038601279258728,5995.8,6001.0
 You just charged off.,0.8120976686477661,6002.5,6003.9
 Well good.,0.9128385782241821,6006.2,6006.9
" Well, we should have plenty of time now.",0.9128385186195374,6008.4,6012.3
 Will what is this? I think this is the opposite of a bus strike.,0.9128386378288269,6014.0,6021.1
 Maddie be worried,0.7347411513328552,6027.3,6028.3
" Oh, I didn't tell you we're not living together right now.",0.7856288552284241,6030.8,6034.5
" No, I would have remembered you gave us just two seconds, please. It's really important for what?",0.8913648724555969,6035.9,6043.4
" We're still working on things, but from a different slant he gets back tomorrow. He's throwing me a belated birthday party tomorrow night. It's going all out not my choice, but when you're in something you",0.8040369749069214,6045.3,6057.9
 you got to give it everything you have else. What are you doing?,0.9128386378288269,6059.8,6062.3
 Can I come to your party? Huh? I come to your party.,0.9128386378288269,6075.1,6078.5
" Sure, of course.",0.9128386378288269,6081.4,6084.1
 When was your birthday?,0.7191101312637329,6087.2,6088.1
 It was tonight.,0.9128386378288269,6090.3,6090.9
 birthday,0.9128385782241821,6099.6,6100.1
father,0.9128385782241821,6118.9,6119.4
" George I think I figured it out. I don't want to talk right now. Well, could you give me some indication tomorrow?",0.9128385782241821,6126.8,6136.2
I love you too tomorrow.,0.9128385782241821,6141.7,6143.3
 We're going to party to it's not yet.,0.7452986836433411,6163.6,6165.5
 Just a minute sir. The lawyers are taking a break leave your stuff try the coffee shop on the corner get me that list of non-extradition countries fruit salads. Very good.,0.9128383994102478,6168.4,6180.2
" No, no, I can't you look great. I'm shooting for great tonight.",0.7906804084777832,6189.3,6196.0
" Great now I do I know you want the bottom line, but are you interested in my reasoning? Yes, of course. Okay, first thing it was an all-nighter getting there but same as in anything if answer starts with the right question and the question here wasn't whether I go to jail or you do that was not the question. It wasn't Joe. No. The question was will I go to jail for 3 years, or will I live for 25 years?",0.8944176435470581,6197.8,6227.0
" Feeling awful because of your being in jail very good. So I went over different scenarios to get varying perspectives. It occurred to me if I had children I wouldn't consider going with you but you don't write or if I had someone crucial to the life I want for myself. It would be perverse some denunciation of the experience of life itself. I gave that up. Well, that is an extreme point.",0.8571757078170776,6227.2,6257.0
" View, do you have such a person? I don't know but I'm going upstairs to somehow find out there's a party. She's up there.",0.9128385186195374,6257.1,6268.7
 There's another guy you mean she may be unavailable. I can't think that way right now. I'm going up there and I'm taking my shot.,0.9128385186195374,6269.9,6279.4
 If I don't have a chance with her.,0.8234729170799255,6280.7,6282.1
 I will go to jail for you.,0.8188386559486389,6283.2,6284.3
" But if I have any chance at all, I can't wish me luck.",0.9128386378288269,6288.1,6295.8
There's no one attached to women allowed tonight one guy's bringing his sister couple guys are bringing their moms.,0.8514409065246582,6311.8,6317.1
" I'm great. Okay, here we go. I want you to start we'll start right here have a seat. It's not a ring. We don't have to look so relieved about it. No, no, I",0.8510928750038147,6319.8,6340.2
" okay, maybe I don't get on a knee for this but",0.7707566618919373,6341.2,6344.9
 lovely,0.8873994946479797,6352.0,6352.7
 you just did.,0.8679082989692688,6355.2,6355.8
" But I mean, I it's gorgeous, but what?",0.7489339709281921,6367.2,6370.8
"I was just thinking when would I wear something like this? I'll take you places but do you not do not get with this means you get oh, I do that the time is not means we're engaged what to be engaged.",0.8699215650558472,6372.7,6386.1
 My father gave my mother a watch him boom seven years later. They were engaged.,0.8839486837387085,6387.0,6390.8
" It's beautiful. I mean gorgeous. I don't know what to say blown away. I'm Blown Away. Come on. I'm Blown Away. Yes, come on. Now. You're talking look at it. Oh, whoops. Sorry. Oh, oh, oh good to see you.",0.9057692289352417,6395.4,6423.7
" Thank you. And you okay, we better get going. It's our first party is a couple. However, we all those other times. That's so cute. Hey, Richie, what's going on? Imagine this Ace? I should really go find George because he doesn't really know anybody with I'll go with you Cory's mom wants to meet you right now.",0.8438360095024109,6425.1,6447.9
 See you soon.,0.9128386378288269,6459.6,6460.4
 I got you a gift. Thanks.,0.9076117873191833,6464.4,6467.8
Thanks for not rushing me.,0.9128385782241821,6497.2,6498.3
" This is only half the gift. Yeah, it doesn't work without the story.",0.9128386378288269,6513.8,6519.1
 Did this stuff was invented by this man in central Ohio as white goo and used it to remove soot off of wallpaper from old-fashioned heating. It was gas and electric heating came in. There was no longer a need for the cleaning goo.,0.8461568355560303,6521.1,6541.6
" So, you know the guy was going under but it's a sister-in-law who is a nursery school teacher. This is a true story. The man's name was Joe McVicker. His sister-in-law was Kay zufall.",0.729736328125,6544.2,6554.1
"Okay, I believe you so Kay zufall discovered that her little kids like squeezing the goo a lot more than hard modeling clay. So she suggested to her brother-in-law Joe the color the stuff nice.",0.8547728657722473,6556.1,6574.5
 I have kept this for a long time as proof.,0.9128385782241821,6580.6,6585.1
 We're all just one small adjustment away from making our lives work.,0.9128386378288269,6586.7,6591.9
 You can see why I thought this for you.,0.9128385186195374,6602.3,6604.0
 Thanks.,0.7059159874916077,6619.4,6619.8
 I'm going to put it away cuz,0.9128385186195374,6623.8,6625.1
 Anybody ask me what it is? I could never tell that story as well as you do.,0.7650864720344543,6627.0,6629.7
 Oh.,0.9128385782241821,6645.7,6645.9
 Thank you for having me.,0.9128385782241821,6657.6,6658.7
 I need to talk to you really and that means I need to get you out of this party. What is that? Is that feels out of the question? You just probably nothing to talk about.,0.8444299697875977,6665.2,6675.3
 and I night,0.7387422919273376,6678.0,6680.6
 I'm gonna go wait out at the bus stop for the next.,0.8843875527381897,6681.7,6684.2
 10 to 15 hours,0.7270188331604004,6685.9,6687.5
 I'm kidding.,0.7491198778152466,6689.0,6689.5
 I'll be out there for a while.,0.8621353507041931,6691.2,6692.4
" Hey, can I talk to you for a minute? They're coming.",0.9128385782241821,6712.2,6715.3
Maddie I just think things are moving too quickly.,0.6150082945823669,6735.1,6739.4
" I almost got you this white silk bathrobe. It had a like a thing. I saw the watch I got excited. I was maybe four or five months too early, but",0.8629475235939026,6742.9,6752.3
 The mistake was a mistake of enthusiasm. I think I'm going to go hang out with George for a little bit.,0.7871384620666504,6754.2,6758.8
" He wants to talk. Okay, go ahead.",0.9128385186195374,6760.2,6762.3
 Okay.,0.9128385782241821,6766.0,6766.7
 But I want you to take into account that I'm the kind of guy who has the confidence to say that which is it's kind of a big deal.,0.8995732069015503,6768.2,6774.1
" Okay, you understand what I'm saying I'm saying. Yes go but recognize the confidence I get a little afraid that you're missing my confidence. No good.",0.887758195400238,6775.4,6786.9
" I don't mean to keep harping on it, but I just think that that's key to any decision that you make that you're going to have to.",0.7820476293563843,6790.1,6796.4
 I do wrong.,0.8313887715339661,6808.1,6809.1
 Fun you are.,0.8221727013587952,6814.2,6816.7
Talk to you later.,0.9128385782241821,6833.5,6834.4
hungry,0.557247519493103,6883.1,6883.6
 any stuff,0.7286174297332764,6886.5,6887.2
I just had a fart.,0.7696542739868164,6912.2,6913.4
 Did you come down here to tell me not to bother waiting?,0.7765374779701233,6916.3,6918.4
George,0.8069420456886292,6938.2,6938.9
 I thought you were the silly guy.,0.9068025946617126,6941.8,6944.0
 now,0.9128385782241821,6945.3,6945.9
 everything but you seem silly.,0.8724725842475891,6948.5,6950.2
" That's what I'm saying. It's just a thought. I might not at all what you love me, too.",0.7153454422950745,6952.0,6961.2
Let's take a shower a shower together wash your body you wash mine.,0.9057190418243408,7046.7,7058.2
 Turn off the lights.,0.7834919095039368,7076.0,7077.6
 I want to give you a special treat is so sweet. Turn off the light.,0.7856793999671936,7086.8,7093.2
 Let's get it.,0.8497443199157715,7096.2,7097.0
 You're the only one in the world that I need.,0.909369945526123,7102.9,7106.1
 let's get,0.9128385782241821,7144.2,7145.2
" Girl, I want to give you a special treat. You're so sweet.",0.9128386378288269,7150.5,7155.3
"Wait in my day, you can get what you won't get any time you wanted. I'm lying here. Just Awaken my dick.",0.8751687407493591,7190.5,7199.6
