text,scene
Hi. Sara Matthews.,3
"Des Moines, Iowa. Wow. Flyover country.",3
You're in room three-sixteen. Welcome.,3
Told you we'd make it.,5
Sorry! Bad driver.,5
In case of emergency. I'm Tracy.,5
Sara.,5
"Hey. Yeah, it's amazing here. I met this really cool biker? He's taking me to Mexico this weekend. Hello? Hi, Mom. Just tell him I'm kidding.",7
"Everything's great. No, she's not here yet so I got to choose my side of the room.",7
Psi U.'s throwing a bash. Let's go.,9
Psi U.?,9
They're a frat. Beer... guys...,9
I don't know... I might just hang and wait for my roommate.,9
Alright. Just let me change.,9
"If you want beer, I'll need ID's.",11
For a frat party?! Seriously?,11
I don't drink anyway.,11
There's punch and non-alcoholic beer over there...,11
"Come on, just us. We won't tell.",11
"Honestly, I'm just a pledge.",11
Wuss.,11
You want something to drink?,11
What's the point?,11
Why aren't you dancing?,11
To this?,11
They're not that bad.,11
Crap.,12
Where's Tracy?,12
She was getting more punch.,12
Uh oh.,12
Tracy.,12
Tracy. Don't.,12
Damn!,12
Oh. Woops.,12
I have to go clean this up.,12
Looks like my plan backfired.,12
What plan?,12
To spill beer on you so I can start a conversation.,12
You spilled beer on me purposely?,12
You pissed?,12
I'll get over it.,12
I'm not sure how she's so wasted. All she's had is punch.,12
Come on.,12
It's pretty good.,13
It doesn't taste that strong.,13
Exactly.,13
Stephen. By the way.,13
Sara.,13
"Hey, why do you get to drink beer?",14
Twenty-one.,14
Old man.,14
Tell me about it. My back is killing me.,14
"Besides, frat brothers don't have to wear those ugly wristbands.",14
Ugh. You're in this frat?,14
Did you try the punch? It's pretty good.,14
What happened to Tracy?,14
I'm the worst roommate ever.,14
Do you want to look for your friend?,14
I got her.,15
Who's got you?,15
Guess that would be me.,15
Who's got you?,15
Apparently God.,15
Thanks Sara.,16
No problem.,16
You want us to wait?,16
"You know, I'm going to be pulling kitchen duty all week for helping girls leave a frat party. It's like opposite everything we stand for.",16
Does that make it worth it?,16
"Honestly, no.",16
Do you want to come up?,16
"More than I can tell you, but that wouldn't be fair.",16
Keep it... till next time.,16
"Thanks again. For everything. And, sorry about kitchen duty.",16
Ow!,18
Hi.,18
Who are you?!,18
Rebecca. Your roommate.,18
What are you doing?,18
Taking your picture.,18
Why?,18
Oh shit.,18
Rebecca?,20
Hey Sara.,22
We met last night.,22
"Right... Starts with a... ""T""?",22
Close. Rebecca.,22
"Come on. It'll help, trust me.",22
Thanks.,22
"I didn't throw up on you, did I?",22
No. You made it to the bathroom.,22
Did you do those?,22
They're really cool.,22
I just like capturing my moods.,22
Rebecca   did you take my picture last night?,22
"Yeah. It's just something I do. For my drawings. C'mon, let's hit the bookstore. The walk will help your head.",22
It's too damn early for me.,22
It's three in the afternoon.,22
Holy shit!,22
So what do we do?,23
Nice bag. Dior?,23
Yeah.,23
I'm on financial aid.,23
Jason. What are you doing?,24
I just wanted to hear your voice.,24
I told you not to do this.,24
I need to talk to you.,24
You're just making it harder.,24
"Sara, listen I... I want to come out there.",24
"But you didn't come out here, remember. That's the problem.",24
I've gotta go.,24
That didn't sound good. Boyfriend?,24
Ex.,24
It's complicated.,24
We dated since tenth grade and were supposed to go to college together. We both applied to Brown. I got in; he got wait-listed. I stuck to our agreement and we both committed here. Then two weeks ago...a spot opened up at Brown ...and..,24
No?! He took it? What an asshole.,24
Yep.,24
Do you miss him?,24
Sometimes I think I do.,24
"It's hard to let go. Believe me, I know. But, you're in college now. A girl's gotta move on.",24
Oh my God.,25
What?,25
I am so jealous.,25
I know... I've got a lot of clothes. Mind if I put some on your side?,25
No problem.,25
Borrow anything you want. Really. I haven't worn half of them.,25
"Jesus, some of these I've only ever seen in Vogue.",25
My parents idea of bonding is to turn me loose in Beverly Hills with a Platinum card.,25
"Oh, you here?",25
Pasadena.,25
About 20 minutes away.,25
That's cool. You can go home on weekends. Free laundry. Free meals.,25
Not gonna happen.,25
It's a long story.. .Let's just say nothing's free in my house.,25
Can I take a look?,25
No.,25
Not till it's done. Nothing personal. It's just my... process. I wouldn't want to show you anything unless it was perfect.,25
Sure.,25
I thought you were a design major. Why are you taking Calc and psychology?,27
I am. I want to be well-rounded. And they're requirements.,27
Hey Sara.,27
"Hey. Tracy... Kim... this is my roommate, Rebecca.",27
Hi.,27
RRRRRREBECCA. How formal. What can we call you?,27
How 'bout Reba?,27
I like Becca.,27
How 'bout Becky?,27
Becky's good.,27
I like Rebecca.,27
So... here we are. Design 101. And each one of you is asking yourself the same question... Who is this guy? Why should I turn off my Blackberry and pay attention to him?,29
"I'll tell you why   because I hold the keys to the kingdom. Think of your favorite designers. Marc Jacobs. Vera Wang. Rick Owens. Magicians, right? I've got news for you: All of their magic stems from the same source: the fundamental principles of design. I can teach you those principles.",29
"The journey to the catwalks of New York... Paris... Tokyo... starts right here, in this room. And all you have to do is open your minds. Man, she wants in.",29
Professor Roberts?,31
"I'm sorry to bother you, it's just... I absolutely must take this class.",31
I'm afraid we're full. But don't worry   Intro Design has three other sections.,31
But you're not teaching them. I want to learn from the best.,31
What's your name?,31
Sara Matthews. I brought a request form.,31
"Tell me, Sara   why should I sign your request form when I've turned down a dozen others? Would that be fair?",31
"No, I guess it wouldn't. Thanks anyway.",31
But... Who said life was fair? You happen to have two things I can't teach...,31
Style. And Desire.,31
Hey.,32
What's your Facebook page? I'll add you as a friend.,32
I don't have a Facebook page.,32
Myspace?,32
Nope. I don't spend a lot of time,32
Come here.,32
Who's she?,32
Irene. She graduated from the Art Institute out here last year.,32
She's an artist?,32
"A design apprentice for Marc Jacobs. Hey, check out these posts.",32
I mean.. .who doesn't have a Facebook page?!,32
"Okay, okay. I'll get one.",32
Cancel those library plans. Guess who made the guest list at Rebar? You guys in? I trust you have fake IDs?,32
Of course.,32
I don't.,32
Yes you do. Thanks to my badass self.,32
I'll pass. Clubs really aren't my scene.,32
How great is this? No parents. No curfews.,33
No shit!,33
Can I?,33
Too bad Rebecca blew us off. Talk about the life of the party.,33
Don't be mean.,33
I'm just saying.,33
She's just a little hard to get to know.,33
Yeah right...,33
What do you think?,33
I think...,33
We can do better.,33
Tracy?,35
Tracy.,36
Hello?,37
Would you accept a collect call from... Sara Matthews?,37
Yes.,37
Can I help you out?,38
I'm fine. Just in a hurry.,38
Just doing my job.,38
All done.,38
"You have a little something. No, she doesn't.",38
The hell?,38
Sorry.,38
Sorry again. Rick.,38
You spoiled c -,38
Pussy.,38
Nice car.,40
"Thanks. So, where's Tracy?",40
"No idea, I couldn't find her.",40
As long as I'm here... you hungry?,40
Starved.,40
I can't believe she ran out on you.,40
I know. Thanks for coming.,40
Tracy had her shot tonight. Tomorrow you're all mine. I'll show you the big city.. .the right way. And I promise I won't abandon you. Deal?,40
Deal.,40
These are the modern pieces. A little wilder than the old stuff.,41
"Okay, I have no idea what this is supposed to be.",41
"Even I don't get that one. Come on, I want to show you something.",41
This is my favorite.,42
I love how he captures her personality through her eyes. It's like she really wants to help you.,42
Amazing. I love it.,42
That is so cool.,43
No graffiti in Des Moines?,43
"Sure. ""Bobby loves Jenny. Chrissy loves Rick."" Nothing like this.",43
"Hey, smile.",43
Both of us.,43
"Now that's one ""art form"" I don't get. Needles into skin? No thanks.",43
I have a tattoo.,43
Really?,43
My older sister. She died when I was nine.,43
"Oh, I'm sorry.",43
This keeps her with me.,43
I always wanted a sister.,43
Guess who I'm listing as my favorite artist on my Facebook page? Richard Prince.,44
"Your favorite movie is ""Coyote Ugly""?",44
Don't laugh. It's about a small town girl making it in the big city.,44
Isn't every movie?!,44
Hey there.,47
Look at you.,47
"No collar, baby?",47
Wow.,48
I thought you'd like it.,48
Sara...,48
"I know, I know. It's stupid, and I've just broken about forty different dorm rules, and I should just take it to a shelter...",48
What do you want to name it?,48
Really?,48
It'll be our secret. Just between us.,48
I named her in the elevator. Cuddles.,48
Is that my necklace?,48
Sorry. I was just trying it on.,48
This was my sister's.,48
Oh.,48
You can borrow anything of mine. Except for this. Okay? It's the only thing I kept of hers.,48
I'm really sorry.,48
It's okay. You didn't know.,48
Were you two close?,48
"Yeah. You're the first roommate I've had since she died. So, it feels a little odd.",48
In a good way or a bad way?,48
A good way.,48
"You wanted a mocha smoothie, right? O.K. Do you know what's in that?",50
This seems like a pattern.,50
Just because I kissed you doesn't mean I'll let you cut in line.,50
So what does it mean?,50
"Hey, the gentlemen of Psi Upsilon are reviving a sacred tradition tonight.",50
We're having another keg party.,50
I.. dunno. I'm still having flashbacks from the last one.,50
You know what? How about if I use you as my excuse not to go.,50
Hey.,51
Hey.,51
Psi U. tonight?,51
So you can ditch me again?,51
Sara... the guy had a Porsche. And a hot tub.,51
That's your apology?,51
What I meant to say is   I'm sorry   I totally screwed up.,51
I forgive you.,51
But you're on your own at Psi U. Because... Someone has a date.,51
You look... nice.,52
Thanks. Richard Prince is having a showing. I bought two tickets. Since he's your favorite artist...,52
"Actually, I... sort of have a date?",52
Oh. Okay.,52
"You know, I could reschedule.",52
You don't have to.,52
I want to. On one condition...,52
"I love it, who's the designer?",52
"What are you, a label whore?! Who cares ...I got it at a flea market and it looks great with the dress.",52
It just needs one last touch...,52
"I'm gonna jump in the shower, then we'll head out.",52
Water. I need water.,57
Rebecca? What are you doing?,58
Hey. How was the party? Are you still the beer bong queen?,59
Listen... something is up with your roommate.,59
What do you mean?,59
She was outside my room this morning.,59
Doing what?,59
"Waiting for me. I opened my door... and there she was. Just sitting there, staring. Like some psycho.",59
Are you sure?,59
You don't believe me?,59
"No, it's just... why would she do that?",59
Why don't you ask her? I've gotta go...I'll see ya later.,59
"Contrary to popular opinion, beauty is not in the eye of the beholder. It's in the hands of the designer.",60
Who can tell me the difference between fashion and style?,60
Miss Matthews?,60
"Fashion's something you can buy, but style you either have or you don't.",60
Exactly. All the money in the world can't buy you style.,60
But it can buy you a good stylist.,60
Hey. How'd you know when my class got out?,61
I'm your roommate.,61
Thanks.,61
Listen... Tracy told me something kinda weird. She says you... scared her this morning.,62
What?,62
Yeah.,62
It's more like she scared me. She was racing to the bathroom like she was gonna hurl. She almost knocked me over.,62
"The girl does like to party. Anyway, I wouldn't worry about it.",62
I gotta go meet Irene. Thanks for the coffee.,62
Finally.,64
I so want to be you when I grow up.,65
"Hell, I wanna be me when I grow up.",65
She's going to be a star.,65
"You know, your dad left me four messages last week. Making sure I'm looking out for his baby.",65
Oh god. I hope you told him I'm closing down the library every night.,65
I told him I haven't seen you. And that for all I know you're a crack ho by now.,65
Perfect.,65
I haven't seen you around too much since you blew me off for dinner.,66
"Sorry again. Actually, how about dinner tonight?",66
Hellllo. I'm studying.,66
Page two? Busted!,66
"Yeah, but it's really dense.",66
Okay. Let's go.,66
How's it goin?,67
Hey.,67
You have to be kidding me. Hey!,68
Goddammit !,68
"Hey, how about turning on the light?",68
Who's out there?,68
I know it's you.,68
Sara thinks you're weird. She told me.,68
"Not funny, Rebecca. Bitch.",68
Freak.,68
"So Sara thinks I'm weird? Let me tell you what I think. I think you're a little whore, and a bad influence on her. And I think that if you tell anyone about... what I'm about to do... you'll regret it.",68
Nice belly ring.,68
"I'm going to flunk my test tomorrow, thanks to you.",69
Then let's make sure it was worth it.,69
"Duh, joke's on you. I was going to flunk anyway.",69
Thanks for helping me... not study.,71
Anytime.,71
Where were you?,71
"Oh, hi.",71
I kept calling and calling.,71
Oh. I turned my cell off at the library and forgot to turn it back on. Rebecca... this is Stephen.,71
I'm going to bed now. I'm glad you're okay.,71
You got a curfew?,71
"Well, she's right...I shoulda called.",71
I guess I'll see you later.,72
Sara... Last night. I was just worried about you.,72
You don't need to worry about me. I can take care of myself. Okay?,72
"Sara. We're good, right?",72
I'm already her best friend?,75
That's a little sad.,75
Stop.,75
Maybe she REALLY likes you...if you know what I mean.,75
I don't.,75
You... are...a...moron.,75
Stephen.,77
"Shit, wrong aisle.",77
Should we head back home?,78
"The question is ""whose home?""",78
Hmmm...,78
I'll make you a bet. I go back to your place or you take me home to my twin bed and roommate.,78
What's the bet?,78
This is kind of a stupid bet.,79
Why'd you agree?,79
"Apparently, I'm kind of a stupid guy.",79
Making me laugh isn't going to help you.,79
I was a gymnast until I hit a growth spurt my freshman year.,79
So I win.,79
So.,79
So...let's go back to your place.,79
Sara?,80
Mmmm?,80
"Sara, you answered. Thank you. Can we talk... about us?",80
I miss you.,80
You do?,80
"I want you, Jason.",80
"I.. . want you, too. But...",80
I miss touching you. Do you miss touching me?,80
Like you wouldn't believe.,80
Prove it.,80
Just give me thirty seconds.,81
You're kidding.,81
Almost there.,82
I'm going to start taking my clothes off out here.,82
"Yeah, right.",82
Oops! There goes my shirt...,82
"You know I don't believe you. Wait, goddamnit, that's supposed to be my strip tease.",82
There go the jeans.,82
I'm just going to put your clothes back on and make you strip again.,82
Hmmm. What's next? Top or bottom?,82
"Who do we have here? Hey guys! Let me ask you. Bra or panties? Bra? Okay, okay. Just calm down.",83
I knew you didn't have the guts.,83
"Say my name, Jason. Until I tell you to stop.",84
Sara... Sara... Sara...,84
Sara...,85
Sara... Sara...,86
"Jesus, Sara. That was incredible.",86
I miss you so much.,86
Don't ever call me again.,86
"Well, good morning.",88
Hey. Sorry I didn't call. I forgot my phone.,88
No problem.,88
Come on...don't I get any details??,88
A nice girl doesn't kiss and tell.,88
You want to go get some breakfa,88
Oh no.,88
"Is this your cat, Sara?",89
Maybe...,89
She's cute...,89
"And if you keep her, I lose my job. Do we understand each other?",89
Yes.,89
What took you so long?,90
I walked.,90
You didn't!,90
It's ten bucks for a cab and I'm a student.,90
Sara! You can't just walk around downtown L.A. at night. This is not Des Moines.,90
Duh?,90
"Seriously, listen to me. That's why I own a gun.",90
What?!,90
Absolutely! Big cities are crawling with crazies.,90
"Hey. Oh, Hi. Yeah, I'm over at Irene's. I meant to leave you a note. Uh huh, uh huh, oh! That's a good idea. Let me check, hold on.",90
Do you like cats?,90
"Yeah, why?",90
We have to get rid of one.,90
Can't. Travel too much. Poor thing would starve to death.,90
"You're right. No, she can't. Huh? Oh I don't know... whenever I get there. Bye.",90
Who was that?,90
My roommate. More than a little overprotective.,90
That's no fun.,90
"So, where is it?",90
What?,90
You said you had a surprise for me?,90
Oh yeah. I went through my closet. There's nothing here I've worn in the past six months.,90
"You're kidding, all of these?! Oh no.",90
What ...what?,90
We have no closet space at the dorms. Rebecca's already using half of mine.,90
"Oh my God, I just had the best idea.",90
What?,90
Why don't you move in here with me?,90
Seriously?,90
"Yeah, I'm never here. The place is huge. Ditch the roommate. And, the building allows pets.",90
Huh. Let me talk to Rebecca about it.,90
"Great. So, how's Jason? I really liked him.",90
We broke up.,90
Yeah ...he sucked.,90
Hey. What're those?,91
Irene gave them to me. She had a lot more but we don't have the room.,91
"Too bad she couldn't take Cuddles, huh?",91
"Well, maybe that's not a problem.",91
Really?,91
Yeah. She actually suggested that I move in with her.,91
What? You want to move?,91
"No, of course not. I love living here... with you.",91
"Look, I'd still technically be living here. So you wouldn't have to get a new roommate. Her place is huge and it's not like you couldn't use the extra closet space. I'd just move some of my stuff over, and spend a few nights a week there. We'd both have a lot more space.",91
I don't want more space. I want...,91
Nothing's set in stone. It's just something to think about. Plus we'd be able to keep Cuddles.,91
Tracy!,92
Tracy... hey.,92
"Oh, hey.",92
I heard you changed dorms.,92
"Yeah, Conrad Hall. Seemed like a better vibe.",92
"Well, we should get together. Like grab a bite or something. Right?",92
Sara!,92
Hi.,92
I'll call you.,92
Tracy?!,92
What was that about?,92
I don't know. She just walked away.,92
"Well, she's always been a flake.",92
"Hey. I do so call, Mom. Geez.",93
"Well, actually, I was thinking I'd do Thanksgiving here and see you guys for Christmas.",93
"Ya know what, I'm at work, and I'm really getting slammed...",93
"I'll call you later, okay? Tell Dad I said hello. Bye.",93
Looks like it's just you and me tonight.,94
See how nice and warm it is in there?,96
"Hey, what's wrong?",97
Cuddles got out.,97
Oh no. In the dorm?,97
Outside.,97
What?!,97
"I was doing laundry... I took her with me... She jumped out of the bag and ran outside. I went after her, but... I'm so sorry.",97
Maybe she'll come back.,97
She won't.,97
I'm going to go find her.,97
Do you want me to help?,97
Maybe it's... just karma or something. We weren't allowed to keep her anyway.,98
You're not mad at me?,98
"It was an accident. It's just... stress after stress, you know?",98
Is something else wrong?,98
My parents really want me to come home for Thanksgiving.,98
You don't want to go?,98
It's not exactly the most festive holiday in the Matthews household. Emily died two days before Thanksgiving.,98
"I know I should be there with them, but it's like there's a ghost at the table.",98
You can come with me.,98
What?,98
"Yeah, spend Thanksgiving at my house.",98
Your folks wouldn't mind?,98
Please. Like they'd even notice.,98
"Okay, we'll see. Thanks.",98
"Your midterm designs are due Friday. Remember, class: Simplicity. Who founded our industry? Eve   when she handed Adam that fig leaf.",99
"Sara. Could I see you in my office, please?",99
Sure. I've got a class right now. But I'll come right after it.,99
"I don't think I need to tell you how impressed I've been with your work. Every year I go to Fashion Week in Paris. It's dazzling. The photo shoots... the parties... that incredible runway. When the first model bursts through the curtain and hits that catwalk? Sara, a roar goes up from that crowd that's like... nothing you've ever heard. The college allows me to take one student. All expenses paid.",100
"PROFESSOR ROBERTS  Full backstage access. Usually, it's a senior. But it doesn't have to be.",100
I'm not sure I understand. Are you saying what I think you're saying?,100
"I'm saying you have a shot. You'd have to earn it, Sara.",100
Of course. I'll do... anything.,100
I'd like to see more danger in your work. Your designs are always crisp; they're always clear. But they're a little... safe.,100
Don't be afraid to go to some of the...,100
PROFESSOR ROBERTS  darker places in here.,100
Okay...,100
"The best designers push the boundaries of what's... acceptable. They take chances. Do you like to take chances, Sara?",100
Sometimes.,100
So do I.,100
I can't believe you just did that.,100
"I took a chance, that's all. With a student that I trust.",100
I better go.,100
"Paris, Sara. Fashion Week. Don't blow the chance of a lifetime.",100
What's wrong?,101
My design professor just kissed me.,101
Are you alright?,101
"Yeah, it just really creeped me out. And I think the asshole's married.",101
Professor Roberts?,102
That's right.,102
I'm glad I caught you.,102
"Actually, I was just...",102
You're not one of my students.,103
Not yet. That's why I'm here.,103
I'm failing Intro Pysch.,103
And why is that?,103
"Because I'm bored. I thought it would be all about Freud, and deep dark secrets. But it's brain chemistry. Synapses. I can't stay awake in class.",103
I'm sorry to hear that. But I'm not sure what I can do to help.,103
"Tomorrow's the last day to drop a course without penalty. Unless I can add another one in its place, I'll fall way behind in credits. Daddy won't take that very well. He might even pull the plug. Which means... I'm pretty much at your mercy, Professor.",103
"Look, I've always made it a policy not to accept any students this late in the term.",103
Do I look like just any student to you?,103
Your wife is very pretty.,103
Ex-wife .,103
A few things I'd need to know.,103
Ask me anything.,103
Do you have any design experience?,103
None.,103
What do you know about clothes?,103
Only one thing.,103
And what's that?,103
I definitely look better out of them than in them.,103
I think we might be able to work something out.,103
Great. Just tell me and I'll do anything.,103
Kiss me.,103
"Ow! You're hurting me! Professor, stop!...",103
"Birthday gift. You should get one, they're great.",103
"Great. Just tell me and I'll do anything. Kiss me. I'll take it from there. Owl You're hurting me! Professor, stop!...",103
You bitch tease!,103
"Oh, I'm not teasing.",103
"Do you see enough danger in me now, Professor? Did I go to a dark enough place for you?",103
What? How did?... Who are you?,103
She trusted you.,103
Please don't do this. Twenty years. Everything I worked for. I'll pay for that tape.,103
Yes you will.,103
Anything wrong?,104
What?,104
Are you ok?,104
"Yeah, sure.",104
Welcome. I'm Professor Jacobs. I'll be taking over the class for the rest of the semester.,107
What happened?,107
Remember what I told you about Professor Roberts?,108
Yeah?,108
He's gone.,108
What do you mean?,108
"Well, they're calling it a leave of absence. But what I heard... someone sent the dean an anonymous recording of him hitting on another student.",108
Oh My God.,108
I know.,108
That's called Karma.,108
I've made a decision. You ready?,110
Lemme hear it.,110
I'm gonna quit the band.,110
No. Really? Why?,110
It's a waste of time-and we suck.,110
Why would you say that?,110
"Well, let me think about this. The only places we can get booked is at my own frat house and at my girlfriend's coffee shop.",110
You're right. You guys do suck. A beat.,110
Hold it. Did you just say girlfriend?,110
You heard me.,110
So you think it'll be fun to stay here during Thanksgiving?,110
"Dinner at the frat, the football games. Don't forget the always awkward, homoerotic humor.",110
Sounds like a blast.,110
Oh. For sure.,110
Oh my God. What happened?,112
Rebecca. It's okay. You're safe now. Talk to me.,112
I was looking for Cuddles. A man... pulled me into an alley. He tried...,112
It's okay. It's okay. Shhh.,112
I got away.,112
You're alright now.,112
"It's not deep, thank God. But you should see a doctor.",113
No.,113
"Rebecca, you need to. And then the police.",113
"Rebecca pulls back on her bed, ruining the gauze job.",113
I don't want to. I can't.,113
"You're calling them, or I am. There's a psycho walking around this campus.",113
Please. I didn't see him.,113
"Okay, okay. I won't call. Just let me help you.",113
"Sorry about not staying. But, Rebecca...",114
I get it. I'm going to make out with my pillow and pretend it's you.,114
Just say you'll miss me.,114
I'll miss you.,114
I haven't heard from Jason in weeks. It's weird how he just stopped calling.,115
"It's what you wanted, right?",115
Yeah. Yeah it is.,115
This is your home?,117
It's my parents house. It was never a home.,117
We didn't think you would make it.,118
Her mother sees the bruises on her face.,118
What happened?,118
Nothing.,118
Nothing? This isn't nothing.,118
Leave it alone.,118
Hello. And you are?,118
I'm Sara.,118
Sara's my roommate.,118
I'm Jeff.,118
"It's so great to meet you, Sara. I'm Alison.",118
"Come on, let me show you my room.",118
You didn't tell them we were coming?,119
They didn't need to know.,119
These are interesting.,119
"Yeah, some of my high school work. I haven't gotten around to takin them down.",119
Rebecca's a pretty great artist.,120
"Yeah, we think Rebecca is so talented.",120
"She's an awesome roommate, too.",120
That's nice to hear and I'm sure she likes you because she never brings anyone home before.,120
Dad!,120
What? As a parent you worry. You protect your daughter all her life and then she goes off to college and she's on her own. I'm just relieved she got a good roommate.,120
"Sara, I'll make up a room for you",120
She'll stay in my room.,120
We can share the bed if you want.,121
Sure.,121
Thanks for coming.,121
"Next Thanksgiving, you can run interference with my family.",121
Done.,121
Becs. You scared me.,122
How're you doing?,125
Fine. My grades are good.,125
That's not what I meant.,125
I'm making friends.,125
"Rebecca, look at me for a second.",125
Your mother and I are very fond of you.,125
I know.,125
"I just wanted to make sure. Good night, I'm heading back to bed.",125
Hi Sara.,126
Hi. Rebecca's going to show me some of her high school hangouts.,126
Wonderful.,126
Rebecca seems to be doing well.,126
"Uhhh, yeah. I think she is.",126
Is she taking her medication?,126
Medication?,126
Hey sweetheart.,126
Ready?,126
"Have a great time, you two.",126
Is everything okay?,127
Yeah. It's just...,127
Nice to see where you come from.,127
Come on.,127
Thanks.,128
I used to come here like every day after school.,128
You know them?,128
They went to my high school.,128
Friends?,128
Let's leave.,128
"Hello, Maria.",128
Hello.,128
"Oh, I wanted to introduce you to Sara. My roommate.",128
Hi.,128
"Well, we better go.",128
Rebecca.,128
We were never friends.,128
"Come on, let's go.",128
I guess college is a fresh start for both of us.,129
Irene's back in town.,129
Good run?,133
Great. You wanna go get dinner?,133
I'm going to the art studio.,133
Oh. Okay. Catch you later then.,133
"Don't wait up, Sara... I feel inspired.",133
Forgot my pad.,133
Your door was open.,135
Oh my God.,135
Sorry.,135
What are those?,135
That's what I intend to find out.,135
APD   anti-social personality disorder. Also known as sociopathy.,137
Jesus. I thought she was just weird.,137
It says lithium can control the condition. Maybe these are refills. Maybe she's been taking it all along.,137
Certainly doesn't seem like she's been taking them.,137
I think it's time I moved in with Irene.,137
"I'm sorry to stare, but you are so beautiful.",139
Thanks. So are you. Great lips. What kind is it?,139
It's cinnamon. Caffeinated. A girl never knows how late she's gonna party.,139
Can I try it?,139
You're right... cinnamon.,139
"Why don't we get out of here. I'd invite you to my place, but I have a roommate.",139
"As luck would have it, I'm only two blocks away and...no roommate.",139
What are we waiting for?,139
Shit.,140
Hey!,146
Hey yourself. Where were you all night?,146
"Oh, I got inspired. I just lost track of time.",146
I want a tattoo. Will you come with me?,146
Uhhh...,146
Please. It would mean a lot to me. I won't be able to do it without you.,146
Um... sure. Okay.,146
"You can't rush this, Rebecca. We can always come back.",147
I know what I want.,147
Okay. I'm out here if you need me.,147
Let's see it.,148
Think of me as your sister.,148
If you want... you can call me Emily.,148
What's the matter?,148
This is all you're taking?,149
I'll get the rest of my things when Irene comes back to town.,149
Where's your necklace?,149
I can't find it. It's okay.,149
Sara...,149
I'm not going back up there.,149
Wait here. I'll go look for it.,149
Have you seen Sara's necklace?,151
What did I do?,151
She just needs to move on.,151
With you?,151
"If you do find it, can you let me know?",151
You should call someone. The dean's office. Or at least your R.A.,152
"And tell them what? What has she really done to me? No one can do anything. It's the weirdest thing, Stephen. The girl's own parents are afraid of her.",152
"Well, she sure scared the shit out of me.",152
Are these dirty or clean?,152
Somewhere in between.,152
Seriously. Is it a game to be as loud as you possibly can?,159
How many walls can you possibly bump into!?,159
"Hey, I'm going to hit the library.",160
I can walk you there.,160
"No, it's okay.",160
Party starts at ten. Really cool band...,160
I hear the drummer's really hot.,160
"He may be, but I'm sleeping with his girlfriend...",160
"Sara. I'm actually... I'm in front of your dorm. I just flew in. I'm at the Roosevelt Hotel, room 210. Call me, okay?",161
Help me find the keg?,171
"Sure, I have to go look for my girlfriend anyway.",171
Shhhh.,173
Sara? You got my voicemail.,173
Mm-hmmm.,173
"Oh, man, Sara. Oh, that feels good.",173
Turn over.,173
Close your eyes.,173
"I love you, Sara.",173
But she doesn't love you.,173
You hurt her.,173
We're about to close.,174
"Hi Stephen, it's me. I'm stopping by Irene's, come on by. I want you guys to meet ...it's on 524 South Grand, Apt. 708. Love you.",176
All hands on deck   the keg's still alive.,176
Irene?,179
Irene?,180
Irene.,180
Some role model she turned out to be. Couldn't even take care of herself.,180
Rebecca!,180
Sit down and shut up.,180
Listen to me. All I ever wanted was to be your friend.,180
"Rebecca, you are my friend.",180
No. Shut up. We're not friends. We're here because you betrayed me.,180
"Rebecca, I'm sorry",180
Stop it. Stop saying things you don't mean. I protected you. From that whore Tracy and that nasty little kitten... and That scumbag of a professor... Even that loser ex-boyfriend of yours.,180
What're you talking about? What'd you do to them? What'd you do to Jason?,180
I got rid of them all. And how do you repay me? By leaving me.,180
"Rebecca, please forgive me.",180
"Now we can start all over again. Let's make things the way they were, Sara. That first day. Just the two of us.",180
Rebecca...,180
After all... you can only have one best friend.,180
No! Don't!,180
Lay still bitch.,180
Please. Don't do this...,180
Stop! I mean it.,180
Shh... I'm so sorry.,180
Don't do this Sara!,180
"Don't make me hurt you, Sara. I just want to be your friend.",182
My phone. My phone.,183
Shit!,183
The window! There's a fire escape. You can reach it.,183
"I know you're scared, Sara. But I promise, everything is gonna be okay.",188
"Sorry, Irene. But she's my friend, not yours.",188
Ohgodohgodohgod.,189
Stephen! Help!,190
Hurry!!,190
Okay I've got you. Everything is gonna be okay!,191
Stephen.,191
You won't do it. We're fr,191
Friends help each other. They take care of each other.,191
Rebecca. We were never friends.,191
Sara.,191
Stephen. Hold on.,191
Welcome back.,193
Hey. How are you feeling?,193
Better now. You being here's gonna help.,193
How's moving in going?,193
Just got here.,193
Well let me give you some time to get settled in.,193
"Actually, I need you right here, right now.",193
Okay.,193
This isn't exactly what I had in mind.,194
Now I can get settled in.,194
I'll be back to pick you up for dinner. You gonna be ready?,194
Absolutely.,194
